<?xml version="1.0"?>
<gama-local-adjustment xmlns="http://www.gnu.org/software/gama/gama-local-adjustment">

<description>
https://geodesist.ru/threads/koordinatnaja-privjazka-xod-bez-primychnyx-uglov.84895/#post-964096
</description>

<network-general-parameters
   gama-local-version="1.15"
   gama-local-algorithm="envelope"
   gama-local-compiler="g++ 4.7.2"
   axes-xy="ne"
   angles="left-handed"
/>

<network-processing-summary>

<coordinates-summary>
   <coordinates-summary-adjusted>    <count-xyz>0</count-xyz> <count-xy>12</count-xy> <count-z>0</count-z> </coordinates-summary-adjusted>
   <coordinates-summary-constrained> <count-xyz>0</count-xyz> <count-xy>0</count-xy> <count-z>0</count-z> </coordinates-summary-constrained>
   <coordinates-summary-fixed>       <count-xyz>0</count-xyz> <count-xy>4</count-xy> <count-z>0</count-z> </coordinates-summary-fixed>
</coordinates-summary>

<observations-summary>
   <distances>28</distances>
   <directions>28</directions>
   <angles>0</angles>
   <xyz-coords>0</xyz-coords>
   <h-diffs>0</h-diffs>
   <z-angles>0</z-angles>
   <s-dists>0</s-dists>
   <vectors>0</vectors>
   <azimuths>0</azimuths>
</observations-summary>

<project-equations>
   <equations>56</equations>
   <unknowns>38</unknowns>
   <degrees-of-freedom>18</degrees-of-freedom>
   <defect>0</defect>
   <sum-of-squares>3.1089858e+04</sum-of-squares>
   <connected-network/>
</project-equations>

<standard-deviation>
   <apriori>1.0000000e+01</apriori>
   <aposteriori>4.1559768e+01</aposteriori>
   <used>aposteriori</used>

   <probability>0.950</probability>
   <ratio>4.156</ratio>
   <lower>0.676</lower>
   <upper>1.323</upper>
   <failed/>

   <confidence-scale>2.1009220e+00</confidence-scale>
</standard-deviation>

</network-processing-summary>

<coordinates>

<fixed>
   <point> <id>A</id> <x>1200.000000</x> <y>1500.000000</y> </point>
   <point> <id>B</id> <x>1250.000000</x> <y>1620.000000</y> </point>
   <point> <id>C</id> <x>1174.000000</x> <y>2639.500000</y> </point>
   <point> <id>D</id> <x>1057.600000</x> <y>2688.900000</y> </point>
</fixed>

<approximate>
   <point> <id>1</id> <x>1305.018112</x> <y>1699.519209</y> </point>
   <point> <id>2</id> <x>1380.810260</x> <y>1757.757428</y> </point>
   <point> <id>3</id> <x>1369.871728</x> <y>1865.307426</y> </point>
   <point> <id>4</id> <x>1405.125430</x> <y>1932.325495</y> </point>
   <point> <id>5</id> <x>1325.949642</x> <y>1992.266277</y> </point>
   <point> <id>6</id> <x>1225.404315</x> <y>2002.837282</y> </point>
   <point> <id>7</id> <x>1239.461793</x> <y>2113.925876</y> </point>
   <point> <id>8</id> <x>1361.095542</x> <y>2212.756398</y> </point>
   <point> <id>9</id> <x>1331.047200</x> <y>2325.585426</y> </point>
   <point> <id>10</id> <x>1276.339547</x> <y>2390.806732</y> </point>
   <point> <id>11</id> <x>1329.222685</x> <y>2503.667395</y> </point>
   <point> <id>12</id> <x>1283.350946</x> <y>2618.271279</y> </point>
</approximate>

<!-- capital X,Y,Z denote constrained coordinates -->
<adjusted>
   <point> <id>1</id> <x>1305.0180925127356204</x> <y>1699.5192249890751555</y> </point>
   <point> <id>2</id> <x>1380.8102216895440506</x> <y>1757.7574500518364857</y> </point>
   <point> <id>3</id> <x>1369.8717204927011153</x> <y>1865.3074486001910373</y> </point>
   <point> <id>4</id> <x>1405.1254646166239581</x> <y>1932.3255045175651503</y> </point>
   <point> <id>5</id> <x>1325.9497344132453236</x> <y>1992.2663809735590803</y> </point>
   <point> <id>6</id> <x>1225.4044161560177599</x> <y>2002.8375068147834099</y> </point>
   <point> <id>7</id> <x>1239.4619654397595241</x> <y>2113.9260936777363895</y> </point>
   <point> <id>8</id> <x>1361.0957021129843270</x> <y>2212.7565734125505514</y> </point>
   <point> <id>9</id> <x>1331.0473851031686081</x> <y>2325.5856060278811128</y> </point>
   <point> <id>10</id> <x>1276.3397271618382547</x> <y>2390.8069183410066216</y> </point>
   <point> <id>11</id> <x>1329.2228070580736130</x> <y>2503.6676171263657125</y> </point>
   <point> <id>12</id> <x>1283.3509897517628815</x> <y>2618.2714860064888853</y> </point>
</adjusted>

<orientation-shifts>
   <orientation> <id>B</id> <approx>274.882709</approx> <adj>274.882716</adj> </orientation>
   <orientation> <id>1</id> <approx>261.474986</approx> <adj>261.474997</adj> </orientation>
   <orientation> <id>2</id> <approx>241.704789</approx> <adj>241.704782</adj> </orientation>
   <orientation> <id>3</id> <approx>306.447928</approx> <adj>306.447897</adj> </orientation>
   <orientation> <id>4</id> <approx>269.160584</approx> <adj>269.160528</adj> </orientation>
   <orientation> <id>5</id> <approx>358.746293</approx> <adj>358.746219</adj> </orientation>
   <orientation> <id>6</id> <approx>393.344757</approx> <adj>393.344697</adj> </orientation>
   <orientation> <id>7</id> <approx>291.996407</approx> <adj>291.996379</adj> </orientation>
   <orientation> <id>8</id> <approx>243.429773</approx> <adj>243.429758</adj> </orientation>
   <orientation> <id>9</id> <approx>316.563370</approx> <adj>316.563360</adj> </orientation>
   <orientation> <id>10</id> <approx>344.433610</approx> <adj>344.433625</adj> </orientation>
   <orientation> <id>11</id> <approx>272.095200</approx> <adj>272.095240</adj> </orientation>
   <orientation> <id>12</id> <approx>324.234118</approx> <adj>324.234169</adj> </orientation>
   <orientation> <id>C</id> <approx>387.803939</approx> <adj>387.803965</adj> </orientation>
</orientation-shifts>

<!-- upper part of symmetric matrix band by rows -->
<cov-mat>
<dim>38</dim> <band>37</band>
<flt>4.2048511e+02</flt> <flt>-1.2926629e+02</flt> <flt>5.8622979e+02</flt>
<flt>-3.3694018e+02</flt> <flt>7.8475978e+02</flt> <flt>-2.9892955e+02</flt>
<flt>8.6788194e+02</flt> <flt>-3.2921559e+02</flt> <flt>9.0648757e+02</flt>
<flt>-2.5189591e+02</flt> <flt>8.9993232e+02</flt> <flt>-2.3077274e+02</flt>
<flt>7.8279970e+02</flt> <flt>-1.9972415e+02</flt> <flt>5.9284086e+02</flt>
<flt>4.2586082e+01</flt> <flt>3.8345378e+02</flt> <flt>5.7900236e+00</flt>
<flt>2.7033852e+02</flt> <flt>-6.6129350e+01</flt> <flt>1.0762318e+02</flt>
<flt>2.3954071e+01</flt> <flt>1.1330276e+01</flt> <flt>5.3135026e+00</flt>
<flt>-1.3803871e+03</flt> <flt>-2.2650885e+03</flt> <flt>-1.4775886e+03</flt>
<flt>-9.6138607e+02</flt> <flt>-6.4078748e+02</flt> <flt>-3.3627199e+02</flt>
<flt>2.7743573e+02</flt> <flt>9.6666510e+02</flt> <flt>1.2026557e+03</flt>
<flt>1.0742868e+03</flt> <flt>9.7079333e+02</flt> <flt>7.2229754e+02</flt>
<flt>2.6945689e+02</flt> <flt>2.1075581e+01</flt> <flt>2.8933007e+02</flt>
<flt>-2.3400411e+02</flt> <flt>4.1270970e+02</flt> <flt>-3.6613670e+02</flt>
<flt>3.7925023e+02</flt> <flt>-4.3524699e+02</flt> <flt>3.9875706e+02</flt>
<flt>-4.8222724e+02</flt> <flt>3.1051701e+02</flt> <flt>-4.8147271e+02</flt>
<flt>2.5010623e+02</flt> <flt>-4.2555394e+02</flt> <flt>2.2416320e+02</flt>
<flt>-3.0078729e+02</flt> <flt>5.7323901e+01</flt> <flt>-1.7693441e+02</flt>
<flt>6.9455244e+01</flt> <flt>-1.1429105e+02</flt> <flt>9.8253729e+01</flt>
<flt>-3.1941464e+01</flt> <flt>4.2529236e+01</flt> <flt>-2.4756549e+00</flt>
<flt>3.2793373e+01</flt> <flt>8.9183671e+02</flt> <flt>1.4301593e+03</flt>
<flt>9.3535309e+02</flt> <flt>6.9230809e+02</flt> <flt>6.1167685e+02</flt>
<flt>5.0531046e+02</flt> <flt>2.1950099e+01</flt> <flt>-5.8974645e+02</flt>
<flt>-7.5756571e+02</flt> <flt>-5.8344496e+02</flt> <flt>-4.9949280e+02</flt>
<flt>-3.1203870e+02</flt> <flt>2.9432635e+01</flt> <flt>9.0643136e+01</flt>
<flt>1.1610809e+03</flt> <flt>-6.8868820e+02</flt> <flt>1.7040918e+03</flt>
<flt>-5.9853084e+02</flt> <flt>1.9313198e+03</flt> <flt>-6.9318394e+02</flt>
<flt>2.0393061e+03</flt> <flt>-4.9608959e+02</flt> <flt>2.0264445e+03</flt>
<flt>-4.3279298e+02</flt> <flt>1.7842163e+03</flt> <flt>-3.7086653e+02</flt>
<flt>1.3762390e+03</flt> <flt>1.4483393e+02</flt> <flt>9.0919236e+02</flt>
<flt>5.8017148e+01</flt> <flt>6.5042926e+02</flt> <flt>-1.1229908e+02</flt>
<flt>2.6927926e+02</flt> <flt>9.2092971e+01</flt> <flt>2.9430256e+01</flt>
<flt>3.5801279e+01</flt> <flt>-2.0252374e+03</flt> <flt>-4.3923101e+03</flt>
<flt>-3.9845993e+03</flt> <flt>-2.6480900e+03</flt> <flt>-1.7431795e+03</flt>
<flt>-9.0657779e+02</flt> <flt>5.1127285e+02</flt> <flt>2.0406557e+03</flt>
<flt>2.6266843e+03</flt> <flt>2.4418427e+03</flt> <flt>2.2535210e+03</flt>
<flt>1.7310655e+03</flt> <flt>7.4458031e+02</flt> <flt>1.1645619e+02</flt>
<flt>1.0603001e+03</flt> <flt>-1.2768518e+03</flt> <flt>9.5084000e+02</flt>
<flt>-1.5541848e+03</flt> <flt>1.0576258e+03</flt> <flt>-1.7205890e+03</flt>
<flt>7.6771227e+02</flt> <flt>-1.7173022e+03</flt> <flt>5.9134599e+02</flt>
<flt>-1.5428582e+03</flt> <flt>5.2346352e+02</flt> <flt>-1.1589021e+03</flt>
<flt>2.3648328e+01</flt> <flt>-7.3948431e+02</flt> <flt>8.2942715e+01</flt>
<flt>-5.1245272e+02</flt> <flt>2.1136108e+02</flt> <flt>-1.8947978e+02</flt>
<flt>1.9960386e+01</flt> <flt>-1.9632228e+01</flt> <flt>3.3291312e+01</flt>
<flt>1.6851070e+03</flt> <flt>4.1088886e+03</flt> <flt>4.1793269e+03</flt>
<flt>2.9962524e+03</flt> <flt>2.3035535e+03</flt> <flt>1.6140067e+03</flt>
<flt>3.4965739e+01</flt> <flt>-1.7958101e+03</flt> <flt>-2.4260998e+03</flt>
<flt>-2.1054778e+03</flt> <flt>-1.9133158e+03</flt> <flt>-1.3737012e+03</flt>
<flt>-3.3668243e+02</flt> <flt>8.2696809e+01</flt> <flt>3.3790788e+03</flt>
<flt>-1.0714421e+03</flt> <flt>4.0868125e+03</flt> <flt>-1.4101074e+03</flt>
<flt>4.4418144e+03</flt> <flt>-8.3875488e+02</flt> <flt>4.4247118e+03</flt>
<flt>-5.9386957e+02</flt> <flt>4.0056438e+03</flt> <flt>-4.9233123e+02</flt>
<flt>3.1981432e+03</flt> <flt>5.0885799e+02</flt> <flt>2.1931298e+03</flt>
<flt>3.0434895e+02</flt> <flt>1.6069348e+03</flt> <flt>-1.0288107e+02</flt>
<flt>7.0501509e+02</flt> <flt>3.5549815e+02</flt> <flt>8.1366481e+01</flt>
<flt>1.7400798e+02</flt> <flt>-2.8101487e+03</flt> <flt>-7.0804153e+03</flt>
<flt>-9.2380778e+03</flt> <flt>-8.2634683e+03</flt> <flt>-5.4426312e+03</flt>
<flt>-2.9081344e+03</flt> <flt>4.5693602e+02</flt> <flt>3.8304888e+03</flt>
<flt>5.4034069e+03</flt> <flt>5.4489314e+03</flt> <flt>5.2404303e+03</flt>
<flt>4.2493982e+03</flt> <flt>2.1993192e+03</flt> <flt>5.3243440e+02</flt>
<flt>1.0631133e+03</flt> <flt>-1.2996798e+03</flt> <flt>1.1371783e+03</flt>
<flt>-1.4496934e+03</flt> <flt>8.6497619e+02</flt> <flt>-1.4481531e+03</flt>
<flt>6.8116941e+02</flt> <flt>-1.2918820e+03</flt> <flt>6.0933097e+02</flt>
<flt>-9.3194347e+02</flt> <flt>1.3105197e+02</flt> <flt>-5.6386211e+02</flt>
<flt>1.7104775e+02</flt> <flt>-3.7332993e+02</flt> <flt>2.6413986e+02</flt>
<flt>-1.1608038e+02</flt> <flt>9.6732124e+01</flt> <flt>-1.0334503e+01</flt>
<flt>7.8993067e+01</flt> <flt>1.5195417e+03</flt> <flt>3.6368227e+03</flt>
<flt>3.4691509e+03</flt> <flt>2.3458998e+03</flt> <flt>1.9799020e+03</flt>
<flt>1.5609050e+03</flt> <flt>1.0867843e+02</flt> <flt>-1.6812619e+03</flt>
<flt>-2.2126150e+03</flt> <flt>-1.7672482e+03</flt> <flt>-1.5458695e+03</flt>
<flt>-1.0124810e+03</flt> <flt>-2.0190115e+01</flt> <flt>2.1596184e+02</flt>
<flt>5.2998604e+03</flt> <flt>-1.7997137e+03</flt> <flt>5.9004422e+03</flt>
<flt>-8.8558450e+02</flt> <flt>5.8895178e+03</flt> <flt>-4.4151082e+02</flt>
<flt>5.4472772e+03</flt> <flt>-3.4021619e+02</flt> <flt>4.4562047e+03</flt>
<flt>8.6727266e+02</flt> <flt>3.1322674e+03</flt> <flt>5.8050606e+02</flt>
<flt>2.3296038e+03</flt> <flt>2.9092149e+00</flt> <flt>1.0570264e+03</flt>
<flt>6.2669548e+02</flt> <flt>1.2566018e+02</flt> <flt>3.2671037e+02</flt>
<flt>-3.1646062e+03</flt> <flt>-8.2771167e+03</flt> <flt>-1.1502515e+04</flt>
<flt>-1.1881319e+04</flt> <flt>-8.9894151e+03</flt> <flt>-4.8849981e+03</flt>
<flt>-1.0353646e+02</flt> <flt>4.4560560e+03</flt> <flt>6.8615695e+03</flt>
<flt>7.3763268e+03</flt> <flt>7.3063971e+03</flt> <flt>6.1360310e+03</flt>
<flt>3.5019999e+03</flt> <flt>9.8491364e+02</flt> <flt>1.5092335e+03</flt>
<flt>-2.0967688e+03</flt> <flt>1.0249834e+03</flt> <flt>-2.1017440e+03</flt>
<flt>6.9475715e+02</flt> <flt>-1.9531956e+03</flt> <flt>6.1784949e+02</flt>
<flt>-1.4984899e+03</flt> <flt>2.5873448e+01</flt> <flt>-9.7856426e+02</flt>
<flt>9.7065799e+01</flt> <flt>-6.8718579e+02</flt> <flt>2.6084867e+02</flt>
<flt>-2.6153715e+02</flt> <flt>1.1269943e+01</flt> <flt>-2.8552592e+01</flt>
<flt>3.4128048e+01</flt> <flt>1.6380633e+03</flt> <flt>4.1164228e+03</flt>
<flt>4.5547735e+03</flt> <flt>4.2539174e+03</flt> <flt>3.9897685e+03</flt>
<flt>2.8479150e+03</flt> <flt>5.8926553e+02</flt> <flt>-1.9618867e+03</flt>
<flt>-2.9351045e+03</flt> <flt>-2.6479191e+03</flt> <flt>-2.4831324e+03</flt>
<flt>-1.8344702e+03</flt> <flt>-4.9946854e+02</flt> <flt>8.0186150e+01</flt>
<flt>6.9630622e+03</flt> <flt>-8.4852609e+02</flt> <flt>6.9702412e+03</flt>
<flt>-1.0419900e+02</flt> <flt>6.6262291e+03</flt> <flt>-2.7385253e+01</flt>
<flt>5.5597853e+03</flt> <flt>1.2447621e+03</flt> <flt>4.0037076e+03</flt>
<flt>8.8983300e+02</flt> <flt>3.0182870e+03</flt> <flt>1.6092278e+02</flt>
<flt>1.4077902e+03</flt> <flt>9.2602491e+02</flt> <flt>1.7180250e+02</flt>
<flt>4.9971885e+02</flt> <flt>-3.3571062e+03</flt> <flt>-8.9257518e+03</flt>
<flt>-1.2687128e+04</flt> <flt>-1.3811154e+04</flt> <flt>-1.1938548e+04</flt>
<flt>-7.5788941e+03</flt> <flt>-1.3354183e+03</flt> <flt>4.3687486e+03</flt>
<flt>7.7193788e+03</flt> <flt>8.9228540e+03</flt> <flt>9.1281837e+03</flt>
<flt>7.9209337e+03</flt> <flt>4.8627364e+03</flt> <flt>1.4953619e+03</flt>
<flt>1.1997212e+03</flt> <flt>-8.2711537e+02</flt> <flt>1.2707424e+03</flt>
<flt>-5.1069455e+02</flt> <flt>1.1480997e+03</flt> <flt>-1.0316602e+02</flt>
<flt>5.6967089e+02</flt> <flt>1.5098491e+02</flt> <flt>5.5271476e+02</flt>
<flt>2.1684587e+02</flt> <flt>5.2034667e+02</flt> <flt>2.1022254e+02</flt>
<flt>4.4262343e+02</flt> <flt>3.4341181e+01</flt> <flt>2.8688839e+02</flt>
<flt>1.2634841e+03</flt> <flt>2.9662631e+03</flt> <flt>2.6775854e+03</flt>
<flt>1.4621470e+03</flt> <flt>-3.0914843e+01</flt> <flt>-7.4768747e+02</flt>
<flt>-1.1655733e+03</flt> <flt>-2.3698659e+03</flt> <flt>-2.0913462e+03</flt>
<flt>-7.6852029e+02</flt> <flt>-1.7980438e+02</flt> <flt>5.0137089e+02</flt>
<flt>1.3937518e+03</flt> <flt>8.2347525e+02</flt> <flt>7.1949301e+03</flt>
<flt>-3.9569413e+01</flt> <flt>6.8722224e+03</flt> <flt>3.2524099e+01</flt>
<flt>5.7891915e+03</flt> <flt>1.3196304e+03</flt> <flt>4.1842542e+03</flt>
<flt>9.5088556e+02</flt> <flt>3.1606209e+03</flt> <flt>1.9089771e+02</flt>
<flt>1.4798134e+03</flt> <flt>9.8585828e+02</flt> <flt>1.8127286e+02</flt>
<flt>5.3412719e+02</flt> <flt>-3.3379475e+03</flt> <flt>-8.8871105e+03</flt>
<flt>-1.2654701e+04</flt> <flt>-1.3833945e+04</flt> <flt>-1.2076739e+04</flt>
<flt>-7.8882843e+03</flt> <flt>-1.6041192e+03</flt> <flt>4.3518053e+03</flt>
<flt>7.9026081e+03</flt> <flt>9.2454113e+03</flt> <flt>9.5072935e+03</flt>
<flt>8.2900017e+03</flt> <flt>5.1385257e+03</flt> <flt>1.5970408e+03</flt>
<flt>2.1786289e+03</flt> <flt>7.7497136e+02</flt> <flt>1.9613236e+03</flt>
<flt>1.3173776e+03</flt> <flt>1.1575977e+03</flt> <flt>1.3994617e+03</flt>
<flt>1.0730329e+03</flt> <flt>1.2459558e+03</flt> <flt>8.4922156e+02</flt>
<flt>7.6499824e+02</flt> <flt>9.5355727e+02</flt> <flt>1.1244846e+02</flt>
<flt>5.8860165e+02</flt> <flt>1.0931551e+03</flt> <flt>2.4041631e+03</flt>
<flt>1.7560954e+03</flt> <flt>-9.5126541e+01</flt> <flt>-2.6648019e+03</flt>
<flt>-4.9886597e+03</flt> <flt>-5.2387986e+03</flt> <flt>-4.3363334e+03</flt>
<flt>-2.1185150e+03</flt> <flt>8.2067785e+02</flt> <flt>2.2029214e+03</flt>
<flt>3.1372057e+03</flt> <flt>3.6242418e+03</flt> <flt>1.7123711e+03</flt>
<flt>7.4576080e+03</flt> <flt>7.5211360e+02</flt> <flt>6.7154425e+03</flt>
<flt>1.5776514e+03</flt> <flt>5.1290669e+03</flt> <flt>1.2188350e+03</flt>
<flt>3.9679364e+03</flt> <flt>3.6648810e+02</flt> <flt>1.9184941e+03</flt>
<flt>1.3160734e+03</flt> <flt>2.4911284e+02</flt> <flt>7.2510232e+02</flt>
<flt>-2.9161293e+03</flt> <flt>-7.8984811e+03</flt> <flt>-1.1564451e+04</flt>
<flt>-1.3239412e+04</flt> <flt>-1.2624704e+04</flt> <flt>-1.0074081e+04</flt>
<flt>-5.7657567e+03</flt> <flt>5.9276776e+02</flt> <flt>6.6826065e+03</flt>
<flt>9.8053916e+03</flt> <flt>1.1143206e+04</flt> <flt>1.0331264e+04</flt>
<flt>6.7323825e+03</flt> <flt>2.1697049e+03</flt> <flt>1.9649643e+03</flt>
<flt>1.2613068e+03</flt> <flt>1.2000463e+03</flt> <flt>1.3374032e+03</flt>
<flt>1.1051713e+03</flt> <flt>1.1945265e+03</flt> <flt>8.7901802e+02</flt>
<flt>7.4243383e+02</flt> <flt>9.6437594e+02</flt> <flt>1.0826701e+02</flt>
<flt>5.9746793e+02</flt> <flt>9.6051440e+02</flt> <flt>2.0981218e+03</flt>
<flt>1.4678365e+03</flt> <flt>-2.1899835e+02</flt> <flt>-2.5095715e+03</flt>
<flt>-4.5264522e+03</flt> <flt>-4.5942019e+03</flt> <flt>-3.8859890e+03</flt>
<flt>-1.9917972e+03</flt> <flt>8.1886170e+02</flt> <flt>2.0907802e+03</flt>
<flt>3.0077502e+03</flt> <flt>3.6046992e+03</flt> <flt>1.7349655e+03</flt>
<flt>6.6954404e+03</flt> <flt>1.4413032e+03</flt> <flt>5.4238449e+03</flt>
<flt>1.1877635e+03</flt> <flt>4.2870918e+03</flt> <flt>3.9410320e+02</flt>
<flt>2.1164787e+03</flt> <flt>1.4003534e+03</flt> <flt>2.9018899e+02</flt>
<flt>7.7195217e+02</flt> <flt>-2.1682166e+03</flt> <flt>-6.0237655e+03</flt>
<flt>-9.2601514e+03</flt> <flt>-1.1193537e+04</flt> <flt>-1.1489938e+04</flt>
<flt>-1.0224564e+04</flt> <flt>-7.1557931e+03</flt> <flt>-2.3228873e+03</flt>
<flt>3.8370228e+03</flt> <flt>8.6914372e+03</flt> <flt>1.1273971e+04</flt>
<flt>1.1084385e+04</flt> <flt>7.2976698e+03</flt> <flt>2.3234964e+03</flt>
<flt>1.4657841e+03</flt> <flt>1.0924059e+03</flt> <flt>1.2239414e+03</flt>
<flt>8.9547333e+02</flt> <flt>8.9799212e+02</flt> <flt>5.5041465e+02</flt>
<flt>9.2594576e+02</flt> <flt>6.3992286e+01</flt> <flt>5.7955389e+02</flt>
<flt>-7.9169432e+00</flt> <flt>-3.0430979e+02</flt> <flt>-1.3947436e+03</flt>
<flt>-2.6375521e+03</flt> <flt>-3.6592633e+03</flt> <flt>-3.9856391e+03</flt>
<flt>-2.5781012e+03</flt> <flt>-1.1901271e+02</flt> <flt>1.6822912e+03</flt>
<flt>2.4362138e+03</flt> <flt>2.1757163e+03</flt> <flt>2.3246655e+03</flt>
<flt>3.1569853e+03</flt> <flt>1.6606022e+03</flt> <flt>5.0360872e+03</flt>
<flt>1.0251882e+03</flt> <flt>4.1617449e+03</flt> <flt>4.7767660e+02</flt>
<flt>2.1508658e+03</flt> <flt>1.3949267e+03</flt> <flt>3.2217834e+02</flt>
<flt>7.7812243e+02</flt> <flt>-1.3694222e+03</flt> <flt>-3.9216788e+03</flt>
<flt>-6.3656746e+03</flt> <flt>-8.1187430e+03</flt> <flt>-8.8779884e+03</flt>
<flt>-8.5413597e+03</flt> <flt>-6.6554132e+03</flt> <flt>-3.4504485e+03</flt>
<flt>3.0490817e+02</flt> <flt>4.8891431e+03</flt> <flt>9.4648677e+03</flt>
<flt>1.0613166e+04</flt> <flt>7.3270271e+03</flt> <flt>2.3582259e+03</flt>
<flt>1.2415369e+03</flt> <flt>8.9751929e+02</flt> <flt>9.7192926e+02</flt>
<flt>5.8586718e+02</flt> <flt>9.7259034e+02</flt> <flt>7.6247450e+01</flt>
<flt>6.1184166e+02</flt> <flt>1.1441356e+02</flt> <flt>4.4057199e+01</flt>
<flt>-8.1819635e+02</flt> <flt>-1.9199771e+03</flt> <flt>-2.9350520e+03</flt>
<flt>-3.4122460e+03</flt> <flt>-2.3935350e+03</flt> <flt>-5.1719230e+02</flt>
<flt>6.4294439e+02</flt> <flt>1.4295497e+03</flt> <flt>1.7350676e+03</flt>
<flt>2.2871237e+03</flt> <flt>3.3235222e+03</flt> <flt>1.7578492e+03</flt>
<flt>3.6986529e+03</flt> <flt>5.2220625e+02</flt> <flt>2.0064629e+03</flt>
<flt>1.2780043e+03</flt> <flt>3.2600749e+02</flt> <flt>7.2200762e+02</flt>
<flt>-9.4588420e+02</flt> <flt>-2.7685196e+03</flt> <flt>-4.6660184e+03</flt>
<flt>-6.1460517e+03</flt> <flt>-6.9454169e+03</flt> <flt>-6.9119781e+03</flt>
<flt>-5.5643826e+03</flt> <flt>-3.1753138e+03</flt> <flt>-5.5139144e+02</flt>
<flt>2.5573226e+03</flt> <flt>6.9609554e+03</flt> <flt>9.2880783e+03</flt>
<flt>6.7585748e+03</flt> <flt>2.2028990e+03</flt> <flt>1.0604711e+03</flt>
<flt>4.8134189e+02</flt> <flt>9.1602589e+02</flt> <flt>8.2222679e+01</flt>
<flt>5.9193678e+02</flt> <flt>3.6304176e+02</flt> <flt>7.5540049e+02</flt>
<flt>3.4904558e+02</flt> <flt>-4.4331440e+02</flt> <flt>-1.3688846e+03</flt>
<flt>-2.0085320e+03</flt> <flt>-1.5242165e+03</flt> <flt>-4.9002803e+02</flt>
<flt>-2.7749197e+02</flt> <flt>-6.1236772e+02</flt> <flt>-4.0235655e+02</flt>
<flt>1.2039929e+03</flt> <flt>2.9712800e+03</flt> <flt>1.7052664e+03</flt>
<flt>1.3905327e+03</flt> <flt>8.0868804e+02</flt> <flt>2.9852822e+02</flt>
<flt>4.8204252e+02</flt> <flt>-3.5116700e+02</flt> <flt>-1.0951816e+03</flt>
<flt>-2.0423028e+03</flt> <flt>-2.8924901e+03</flt> <flt>-3.4784583e+03</flt>
<flt>-3.6450934e+03</flt> <flt>-3.0060613e+03</flt> <flt>-1.8014762e+03</flt>
<flt>-6.7171129e+02</flt> <flt>5.4940310e+02</flt> <flt>2.4439987e+03</flt>
<flt>4.7063276e+03</flt> <flt>4.4419803e+03</flt> <flt>1.5147889e+03</flt>
<flt>1.1924695e+03</flt> <flt>1.0008287e+02</flt> <flt>7.3948937e+02</flt>
<flt>1.4810965e+01</flt> <flt>-1.8304368e+02</flt> <flt>-9.9233185e+02</flt>
<flt>-1.9706291e+03</flt> <flt>-2.8576351e+03</flt> <flt>-3.3010286e+03</flt>
<flt>-2.5469602e+03</flt> <flt>-1.0959357e+03</flt> <flt>-1.8694950e+02</flt>
<flt>4.5245730e+02</flt> <flt>1.8557997e+03</flt> <flt>3.5153237e+03</flt>
<flt>4.2593142e+03</flt> <flt>2.1289043e+03</flt> <flt>2.2978500e+02</flt>
<flt>7.6075781e+01</flt> <flt>-3.5308481e+01</flt> <flt>-1.1733906e+02</flt>
<flt>-2.3693975e+02</flt> <flt>-3.5534219e+02</flt> <flt>-4.5043650e+02</flt>
<flt>-4.9769251e+02</flt> <flt>-4.4050424e+02</flt> <flt>-3.1521438e+02</flt>
<flt>-2.1526751e+02</flt> <flt>-1.1819667e+02</flt> <flt>5.7574669e+01</flt>
<flt>2.7047417e+02</flt> <flt>5.2611390e+02</flt> <flt>3.3854273e+02</flt>
<flt>6.0682597e+02</flt> <flt>4.7037010e+01</flt> <flt>-1.3509718e+01</flt>
<flt>-4.7901777e+02</flt> <flt>-1.0743522e+03</flt> <flt>-1.6365570e+03</flt>
<flt>-1.9367348e+03</flt> <flt>-1.4914846e+03</flt> <flt>-6.2366755e+02</flt>
<flt>-1.2714846e+02</flt> <flt>1.6968355e+02</flt> <flt>9.2343117e+02</flt>
<flt>1.8138216e+03</flt> <flt>2.8426663e+03</flt> <flt>1.7436858e+03</flt>
<flt>1.3633873e+04</flt> <flt>8.8103574e+03</flt> <flt>5.7517973e+03</flt>
<flt>3.8991941e+03</flt> <flt>2.8802969e+03</flt> <flt>1.8567365e+03</flt>
<flt>-7.0992139e+02</flt> <flt>-3.7213900e+03</flt> <flt>-4.6745492e+03</flt>
<flt>-4.0009251e+03</flt> <flt>-3.5635231e+03</flt> <flt>-2.5397363e+03</flt>
<flt>-6.7430770e+02</flt> <flt>1.1271899e+02</flt> <flt>2.8426933e+04</flt>
<flt>1.9404894e+04</flt> <flt>1.3405543e+04</flt> <flt>9.5847815e+03</flt>
<flt>5.9416066e+03</flt> <flt>-1.1500218e+03</flt> <flt>-9.0853820e+03</flt>
<flt>-1.1970015e+04</flt> <flt>-1.0794945e+04</flt> <flt>-9.8996762e+03</flt>
<flt>-7.3900738e+03</flt> <flt>-2.6051464e+03</flt> <flt>-1.0179776e+02</flt>
<flt>3.7480637e+04</flt> <flt>2.6149485e+04</flt> <flt>1.7637878e+04</flt>
<flt>9.9639387e+03</flt> <flt>-3.0289058e+02</flt> <flt>-1.0641156e+04</flt>
<flt>-1.5493045e+04</flt> <flt>-1.5703587e+04</flt> <flt>-1.5195312e+04</flt>
<flt>-1.2335019e+04</flt> <flt>-6.2865629e+03</flt> <flt>-1.4727641e+03</flt>
<flt>4.2062845e+04</flt> <flt>2.8061321e+04</flt> <flt>1.5751996e+04</flt>
<flt>3.1627596e+03</flt> <flt>-8.1535641e+03</flt> <flt>-1.5036102e+04</flt>
<flt>-1.7803279e+04</flt> <flt>-1.8379132e+04</flt> <flt>-1.6111913e+04</flt>
<flt>-1.0139873e+04</flt> <flt>-3.2072642e+03</flt> <flt>4.1335623e+04</flt>
<flt>2.4273766e+04</flt> <flt>9.8935528e+03</flt> <flt>-1.6648571e+03</flt>
<flt>-1.0654450e+04</flt> <flt>-1.6688793e+04</flt> <flt>-1.8930994e+04</flt>
<flt>-1.8049982e+04</flt> <flt>-1.3255096e+04</flt> <flt>-4.8361366e+03</flt>
<flt>3.6008832e+04</flt> <flt>1.9710638e+04</flt> <flt>7.3745687e+03</flt>
<flt>-3.7911766e+03</flt> <flt>-1.2877403e+04</flt> <flt>-1.6996673e+04</flt>
<flt>-1.7797638e+04</flt> <flt>-1.4545901e+04</flt> <flt>-5.7039244e+03</flt>
<flt>3.3036076e+04</flt> <flt>1.6925017e+04</flt> <flt>3.5106341e+03</flt>
<flt>-6.6622316e+03</flt> <flt>-1.2239288e+04</flt> <flt>-1.4177872e+04</flt>
<flt>-1.1576937e+04</flt> <flt>-4.4237736e+03</flt> <flt>2.8660851e+04</flt>
<flt>1.2921869e+04</flt> <flt>2.3962330e+03</flt> <flt>-4.6872337e+03</flt>
<flt>-7.8443059e+03</flt> <flt>-5.9317176e+03</flt> <flt>-1.9211596e+03</flt>
<flt>2.7696626e+04</flt> <flt>1.4698885e+04</flt> <flt>5.0413244e+03</flt>
<flt>-7.7363361e+02</flt> <flt>-1.6239073e+03</flt> <flt>-4.7390488e+02</flt>
<flt>3.0536430e+04</flt> <flt>1.7384414e+04</flt> <flt>7.6665883e+03</flt>
<flt>2.2807776e+03</flt> <flt>4.1162539e+02</flt> <flt>3.3429224e+04</flt>
<flt>1.9499389e+04</flt> <flt>9.2281124e+03</flt> <flt>2.6217451e+03</flt>
<flt>3.3576773e+04</flt> <flt>1.7484967e+04</flt> <flt>5.2353919e+03</flt>
<flt>2.7219220e+04</flt> <flt>8.2607034e+03</flt> <flt>1.3302428e+04</flt>
</cov-mat>

<!-- original indexes from the adjustment -->
<original-index>
<ind>2</ind>
<ind>3</ind>
<ind>5</ind>
<ind>6</ind>
<ind>8</ind>
<ind>9</ind>
<ind>11</ind>
<ind>12</ind>
<ind>14</ind>
<ind>15</ind>
<ind>17</ind>
<ind>18</ind>
<ind>20</ind>
<ind>21</ind>
<ind>23</ind>
<ind>24</ind>
<ind>26</ind>
<ind>27</ind>
<ind>29</ind>
<ind>30</ind>
<ind>32</ind>
<ind>33</ind>
<ind>35</ind>
<ind>36</ind>
<ind>1</ind>
<ind>4</ind>
<ind>7</ind>
<ind>10</ind>
<ind>13</ind>
<ind>16</ind>
<ind>19</ind>
<ind>22</ind>
<ind>25</ind>
<ind>28</ind>
<ind>31</ind>
<ind>34</ind>
<ind>37</ind>
<ind>38</ind>
</original-index>

</coordinates>

<observations>

<direction> <from>B</from> <to>A</to>
   <obs>0.0000000000000000</obs> <adj>399.9841007000456443</adj> <stdev>116.7641782832584312</stdev>
   <qrr>1.632</qrr> <f>8.971</f> <std-residual>2.994</std-residual>
   <err-obs>-927.801</err-obs> <err-adj>-768.808</err-adj>
   </direction>
<direction> <from>B</from> <to>1</to>
   <obs>186.5694444444444287</obs> <adj>186.5853437443988128</adj> <stdev>116.7641782832584170</stdev>
   <qrr>1.632</qrr> <f>8.971</f> <std-residual>2.994</std-residual>
   <err-obs>927.801</err-obs> <err-adj>768.808</err-adj>
   </direction>
<distance> <from>B</from> <to>A</to>
   <obs>130.0000000000000000</obs> <adj>130.0000000000000000</adj> <stdev>0.0000000000000000</stdev>
   <qrr>0.250</qrr> <f>100.000</f> <std-residual>0.000</std-residual>
   <err-obs>0.000</err-obs> <err-adj>0.000</err-adj>
   </distance>
<distance> <from>B</from> <to>1</to>
   <obs>96.6880000000000024</obs> <adj>96.6969371107610272</adj> <stdev>14.5197105481954836</stdev>
   <qrr>0.128</qrr> <f>30.126</f> <std-residual>0.601</std-residual>
   <err-obs>17.463</err-obs> <err-adj>8.526</err-adj>
   </distance>
<direction> <from>1</from> <to>B</to>
   <obs>0.0000000000000000</obs> <adj>399.9930627897506952</adj> <stdev>121.7134113845258554</stdev>
   <qrr>0.949</qrr> <f>5.112</f> <std-residual>1.713</std-residual>
   <err-obs>-696.292</err-obs> <err-adj>-626.920</err-adj>
   </direction>
<direction> <from>1</from> <to>2</to>
   <obs>180.2274691358024370</obs> <adj>180.2344063460517418</adj> <stdev>121.7134113845258838</stdev>
   <qrr>0.949</qrr> <f>5.112</f> <std-residual>1.713</std-residual>
   <err-obs>696.292</err-obs> <err-adj>626.920</err-adj>
   </direction>
<distance> <from>1</from> <to>B</to>
   <obs>96.6880000000000024</obs> <adj>96.6969371107610272</adj> <stdev>14.5197105481954836</stdev>
   <qrr>0.128</qrr> <f>30.126</f> <std-residual>0.601</std-residual>
   <err-obs>17.463</err-obs> <err-adj>8.526</err-adj>
   </distance>
<distance> <from>1</from> <to>2</to>
   <obs>95.5769999999999982</obs> <adj>95.5831454996884275</adj> <stdev>14.5999503020987564</stdev>
   <qrr>0.127</qrr> <f>29.740</f> <std-residual>0.416</std-residual>
   <err-obs>12.137</err-obs> <err-adj>5.991</err-adj>
   </distance>
<direction> <from>2</from> <to>1</to>
   <obs>0.0000000000000000</obs> <adj>0.0046214474386469</adj> <stdev>121.7166089548866381</stdev>
   <qrr>0.949</qrr> <f>5.110</f> <std-residual>1.142</std-residual>
   <err-obs>464.078</err-obs> <err-adj>417.863</err-adj>
   </direction>
<direction> <from>2</from> <to>3</to>
   <obs>264.7524691358024711</obs> <adj>264.7478476883638336</adj> <stdev>121.7166089548866097</stdev>
   <qrr>0.949</qrr> <f>5.110</f> <std-residual>1.142</std-residual>
   <err-obs>-464.078</err-obs> <err-adj>-417.863</err-adj>
   </direction>
<distance> <from>2</from> <to>1</to>
   <obs>95.5769999999999982</obs> <adj>95.5831454996884275</adj> <stdev>14.5999503020987547</stdev>
   <qrr>0.127</qrr> <f>29.740</f> <std-residual>0.416</std-residual>
   <err-obs>12.137</err-obs> <err-adj>5.991</err-adj>
   </distance>
<distance> <from>2</from> <to>3</to>
   <obs>108.0930000000000035</obs> <adj>108.1048241115237545</adj> <stdev>14.4169673850107944</stdev>
   <qrr>0.130</qrr> <f>30.621</f> <std-residual>0.790</std-residual>
   <err-obs>22.798</err-obs> <err-adj>10.974</err-adj>
   </distance>
<direction> <from>3</from> <to>2</to>
   <obs>0.0000000000000000</obs> <adj>0.0047328077225294</adj> <stdev>123.4014556109532919</stdev>
   <qrr>0.710</qrr> <f>3.796</f> <std-residual>1.352</std-residual>
   </direction>
<direction> <from>3</from> <to>4</to>
   <obs>162.7280864197530832</obs> <adj>162.7233536120305644</adj> <stdev>123.4014556109532350</stdev>
   <qrr>0.710</qrr> <f>3.796</f> <std-residual>1.352</std-residual>
   </direction>
<distance> <from>3</from> <to>2</to>
   <obs>108.0930000000000035</obs> <adj>108.1048241115237545</adj> <stdev>14.4169673850108016</stdev>
   <qrr>0.130</qrr> <f>30.621</f> <std-residual>0.790</std-residual>
   <err-obs>22.798</err-obs> <err-adj>10.974</err-adj>
   </distance>
<distance> <from>3</from> <to>4</to>
   <obs>75.7150000000000034</obs> <adj>75.7248063298769836</adj> <stdev>14.4896568027783790</stdev>
   <qrr>0.128</qrr> <f>30.271</f> <std-residual>0.658</std-residual>
   <err-obs>19.087</err-obs> <err-adj>9.280</err-adj>
   </distance>
<direction> <from>4</from> <to>3</to>
   <obs>0.0000000000000000</obs> <adj>0.0107219493719470</adj> <stdev>121.4947736913532310</stdev>
   <qrr>0.980</qrr> <f>5.283</f> <std-residual>2.606</std-residual>
   <err-obs>1042.357</err-obs> <err-adj>935.137</err-adj>
   </direction>
<direction> <from>4</from> <to>5</to>
   <obs>289.5969135802469054</obs> <adj>289.5861916308749642</adj> <stdev>121.4947736913532168</stdev>
   <qrr>0.980</qrr> <f>5.283</f> <std-residual>2.606</std-residual>
   <err-obs>-1042.357</err-obs> <err-adj>-935.137</err-adj>
   </direction>
<distance> <from>4</from> <to>3</to>
   <obs>75.7150000000000034</obs> <adj>75.7248063298769836</adj> <stdev>14.4896568027783808</stdev>
   <qrr>0.128</qrr> <f>30.271</f> <std-residual>0.658</std-residual>
   <err-obs>19.087</err-obs> <err-adj>9.280</err-adj>
   </distance>
<distance> <from>4</from> <to>5</to>
   <obs>99.2980000000000018</obs> <adj>99.3061172513491073</adj> <stdev>14.5675686770913373</stdev>
   <qrr>0.127</qrr> <f>29.896</f> <std-residual>0.548</std-residual>
   <err-obs>15.962</err-obs> <err-adj>7.845</err-adj>
   </distance>
<direction> <from>5</from> <to>4</to>
   <obs>0.0000000000000000</obs> <adj>0.0005008392023887</adj> <stdev>125.5180208712636301</stdev>
   <qrr>0.404</qrr> <f>2.146</f> <std-residual>0.189</std-residual>
   </direction>
<direction> <from>5</from> <to>6</to>
   <obs>234.5854938271604908</obs> <adj>234.5849929879580884</adj> <stdev>125.5180208712636301</stdev>
   <qrr>0.404</qrr> <f>2.146</f> <std-residual>0.189</std-residual>
   </direction>
<distance> <from>5</from> <to>4</to>
   <obs>99.2980000000000018</obs> <adj>99.3061172513491073</adj> <stdev>14.5675686770913231</stdev>
   <qrr>0.127</qrr> <f>29.896</f> <std-residual>0.548</std-residual>
   <err-obs>15.962</err-obs> <err-adj>7.845</err-adj>
   </distance>
<distance> <from>5</from> <to>6</to>
   <obs>101.0969999999999942</obs> <adj>101.0995040788214823</adj> <stdev>14.6728625689033425</stdev>
   <qrr>0.125</qrr> <f>29.389</f> <std-residual>0.170</std-residual>
   <err-obs>4.994</err-obs> <err-adj>2.490</err-adj>
   </distance>
<direction> <from>6</from> <to>5</to>
   <obs>0.0000000000000000</obs> <adj>399.9865151046662390</adj> <stdev>122.2154290101385641</stdev>
   <qrr>0.878</qrr> <f>4.721</f> <std-residual>3.462</std-residual>
   <err-obs>-1462.759</err-obs> <err-adj>-1327.910</err-adj>
   </direction>
<direction> <from>6</from> <to>7</to>
   <obs>98.6283950617283978</obs> <adj>98.6418799570621445</adj> <stdev>122.2154290101386778</stdev>
   <qrr>0.878</qrr> <f>4.721</f> <std-residual>3.462</std-residual>
   <err-obs>1462.759</err-obs> <err-adj>1327.910</err-adj>
   </direction>
<distance> <from>6</from> <to>5</to>
   <obs>101.0969999999999942</obs> <adj>101.0995040788214823</adj> <stdev>14.6728625689033372</stdev>
   <qrr>0.125</qrr> <f>29.389</f> <std-residual>0.170</std-residual>
   <err-obs>4.994</err-obs> <err-adj>2.490</err-adj>
   </distance>
<distance> <from>6</from> <to>7</to>
   <obs>111.9629999999999939</obs> <adj>111.9745007716828695</adj> <stdev>14.4264969568184256</stdev>
   <qrr>0.130</qrr> <f>30.575</f> <std-residual>0.769</std-residual>
   <err-obs>22.202</err-obs> <err-adj>10.701</err-adj>
   </distance>
<direction> <from>7</from> <to>6</to>
   <obs>0.0000000000000000</obs> <adj>399.9901980173595462</adj> <stdev>124.0175267472044425</stdev>
   <qrr>0.621</qrr> <f>3.316</f> <std-residual>2.992</std-residual>
   <err-obs>-1502.936</err-obs> <err-adj>-1404.916</err-adj>
   </direction>
<direction> <from>7</from> <to>8</to>
   <obs>151.4324074074073962</obs> <adj>151.4422093900478501</adj> <stdev>124.0175267472043998</stdev>
   <qrr>0.621</qrr> <f>3.316</f> <std-residual>2.992</std-residual>
   <err-obs>1502.936</err-obs> <err-adj>1404.916</err-adj>
   </direction>
<distance> <from>7</from> <to>6</to>
   <obs>111.9629999999999939</obs> <adj>111.9745007716828695</adj> <stdev>14.4264969568184291</stdev>
   <qrr>0.130</qrr> <f>30.575</f> <std-residual>0.769</std-residual>
   <err-obs>22.202</err-obs> <err-adj>10.701</err-adj>
   </distance>
<distance> <from>7</from> <to>8</to>
   <obs>156.7170000000000130</obs> <adj>156.7234175919608958</adj> <stdev>14.5932861354600796</stdev>
   <qrr>0.127</qrr> <f>29.772</f> <std-residual>0.434</std-residual>
   <err-obs>12.663</err-obs> <err-adj>6.245</err-adj>
   </distance>
<direction> <from>8</from> <to>7</to>
   <obs>0.0000000000000000</obs> <adj>0.0088301139004167</adj> <stdev>123.9386038883181129</stdev>
   <qrr>0.633</qrr> <f>3.377</f> <std-residual>2.671</std-residual>
   <err-obs>1329.671</err-obs> <err-adj>1241.369</err-adj>
   </direction>
<direction> <from>8</from> <to>9</to>
   <obs>273.1487654320987417</obs> <adj>273.1399353181982974</adj> <stdev>123.9386038883180419</stdev>
   <qrr>0.633</qrr> <f>3.377</f> <std-residual>2.671</std-residual>
   <err-obs>-1329.671</err-obs> <err-adj>-1241.369</err-adj>
   </direction>
<distance> <from>8</from> <to>7</to>
   <obs>156.7170000000000130</obs> <adj>156.7234175919608958</adj> <stdev>14.5932861354600867</stdev>
   <qrr>0.127</qrr> <f>29.772</f> <std-residual>0.434</std-residual>
   <err-obs>12.663</err-obs> <err-adj>6.245</err-adj>
   </distance>
<distance> <from>8</from> <to>9</to>
   <obs>116.7500000000000000</obs> <adj>116.7616887340753209</adj> <stdev>14.4264309525334973</stdev>
   <qrr>0.130</qrr> <f>30.575</f> <std-residual>0.782</std-residual>
   <err-obs>22.564</err-obs> <err-adj>10.876</err-adj>
   </distance>
<direction> <from>9</from> <to>8</to>
   <obs>0.0000000000000000</obs> <adj>0.0063335047775510</adj> <stdev>124.2792443091161516</stdev>
   <qrr>0.584</qrr> <f>3.112</f> <std-residual>1.995</std-residual>
   </direction>
<direction> <from>9</from> <to>10</to>
   <obs>227.8762345679012356</obs> <adj>227.8699010631236774</adj> <stdev>124.2792443091160379</stdev>
   <qrr>0.584</qrr> <f>3.112</f> <std-residual>1.995</std-residual>
   </direction>
<distance> <from>9</from> <to>8</to>
   <obs>116.7500000000000000</obs> <adj>116.7616887340753209</adj> <stdev>14.4264309525334955</stdev>
   <qrr>0.130</qrr> <f>30.575</f> <std-residual>0.782</std-residual>
   <err-obs>22.564</err-obs> <err-adj>10.876</err-adj>
   </distance>
<distance> <from>9</from> <to>10</to>
   <obs>85.1179999999999950</obs> <adj>85.1278298635169648</adj> <stdev>14.5089069445705725</stdev>
   <qrr>0.128</qrr> <f>30.178</f> <std-residual>0.661</std-residual>
   <err-obs>19.181</err-obs> <err-adj>9.351</err-adj>
   </distance>
<direction> <from>10</from> <to>9</to>
   <obs>0.0000000000000000</obs> <adj>399.9996364014397159</adj> <stdev>124.2902495048117686</stdev>
   <qrr>0.582</qrr> <f>3.103</f> <std-residual>0.115</std-residual>
   </direction>
<direction> <from>10</from> <to>11</to>
   <obs>127.6700617283950407</obs> <adj>127.6704253269552964</adj> <stdev>124.2902495048117970</stdev>
   <qrr>0.582</qrr> <f>3.103</f> <std-residual>0.115</std-residual>
   </direction>
<distance> <from>10</from> <to>9</to>
   <obs>85.1179999999999950</obs> <adj>85.1278298635169648</adj> <stdev>14.5089069445705743</stdev>
   <qrr>0.128</qrr> <f>30.178</f> <std-residual>0.661</std-residual>
   <err-obs>19.181</err-obs> <err-adj>9.351</err-adj>
   </distance>
<distance> <from>10</from> <to>11</to>
   <obs>124.6260000000000048</obs> <adj>124.6361001862084379</adj> <stdev>14.4790235946779084</stdev>
   <qrr>0.129</qrr> <f>30.322</f> <std-residual>0.678</std-residual>
   <err-obs>19.631</err-obs> <err-adj>9.531</err-adj>
   </distance>
<direction> <from>11</from> <to>10</to>
   <obs>0.0000000000000000</obs> <adj>0.0088097581093138</adj> <stdev>121.5144079978287692</stdev>
   <qrr>0.977</qrr> <f>5.267</f> <std-residual>2.144</std-residual>
   <err-obs>858.881</err-obs> <err-adj>770.783</err-adj>
   </direction>
<direction> <from>11</from> <to>12</to>
   <obs>252.1518518518518590</obs> <adj>252.1430420937425367</adj> <stdev>121.5144079978287692</stdev>
   <qrr>0.977</qrr> <f>5.267</f> <std-residual>2.144</std-residual>
   <err-obs>-858.881</err-obs> <err-adj>-770.783</err-adj>
   </direction>
<distance> <from>11</from> <to>10</to>
   <obs>124.6260000000000048</obs> <adj>124.6361001862084379</adj> <stdev>14.4790235946779067</stdev>
   <qrr>0.129</qrr> <f>30.322</f> <std-residual>0.678</std-residual>
   <err-obs>19.631</err-obs> <err-adj>9.531</err-adj>
   </distance>
<distance> <from>11</from> <to>12</to>
   <obs>123.4320000000000022</obs> <adj>123.4433893947740586</adj> <stdev>14.4419207834403256</stdev>
   <qrr>0.129</qrr> <f>30.500</f> <std-residual>0.762</std-residual>
   <err-obs>22.031</err-obs> <err-adj>10.641</err-adj>
   </distance>
<direction> <from>12</from> <to>11</to>
   <obs>0.0000000000000000</obs> <adj>0.0041138404493843</adj> <stdev>120.3298569363066548</stdev>
   <qrr>1.143</qrr> <f>6.191</f> <std-residual>0.926</std-residual>
   <err-obs>342.866</err-obs> <err-adj>301.727</err-adj>
   </direction>
<direction> <from>12</from> <to>C</to>
   <obs>263.5629629629629562</obs> <adj>263.5588491225135499</adj> <stdev>120.3298569363066406</stdev>
   <qrr>1.143</qrr> <f>6.191</f> <std-residual>0.926</std-residual>
   <err-obs>-342.866</err-obs> <err-adj>-301.727</err-adj>
   </direction>
<distance> <from>12</from> <to>11</to>
   <obs>123.4320000000000022</obs> <adj>123.4433893947740586</adj> <stdev>14.4419207834403256</stdev>
   <qrr>0.129</qrr> <f>30.500</f> <std-residual>0.762</std-residual>
   <err-obs>22.031</err-obs> <err-adj>10.641</err-adj>
   </distance>
<distance> <from>12</from> <to>C</to>
   <obs>111.3889999999999958</obs> <adj>111.3924986972559168</adj> <stdev>14.6633499791125939</stdev>
   <qrr>0.126</qrr> <f>29.435</f> <std-residual>0.238</std-residual>
   <err-obs>6.969</err-obs> <err-adj>3.470</err-adj>
   </distance>
<direction> <from>C</from> <to>12</to>
   <obs>0.0000000000000000</obs> <adj>399.9890526085231386</adj> <stdev>115.3361501021758357</stdev>
   <qrr>1.824</qrr> <f>10.084</f> <std-residual>1.950</std-residual>
   <err-obs>-571.636</err-obs> <err-adj>-462.162</err-adj>
   </direction>
<direction> <from>C</from> <to>D</to>
   <obs>186.6336419753086489</obs> <adj>186.6445893667855103</adj> <stdev>115.3361501021758500</stdev>
   <qrr>1.824</qrr> <f>10.084</f> <std-residual>1.950</std-residual>
   <err-obs>571.636</err-obs> <err-adj>462.162</err-adj>
   </direction>
<distance> <from>C</from> <to>12</to>
   <obs>111.3889999999999958</obs> <adj>111.3924986972559168</adj> <stdev>14.6633499791125939</stdev>
   <qrr>0.126</qrr> <f>29.435</f> <std-residual>0.238</std-residual>
   <err-obs>6.969</err-obs> <err-adj>3.470</err-adj>
   </distance>
<distance> <from>C</from> <to>D</to>
   <obs>126.4500000000000028</obs> <adj>126.4488829527569607</adj> <stdev>0.0000000000000000</stdev>
   <qrr>0.250</qrr> <f>100.000</f> <std-residual>0.054</std-residual>
   <err-obs>-1.117</err-obs> <err-adj>0.000</err-adj>
   </distance>

</observations>

</gama-local-adjustment>
