<?xml version="1.0"?>
<gama-local-adjustment xmlns="http://www.gnu.org/software/gama/gama-local-adjustment">

<description>
https://geodesist.ru/threads/koordinatnaja-privjazka-xod-bez-primychnyx-uglov.84895/#post-964096
</description>

<network-general-parameters
   gama-local-version="1.15"
   gama-local-algorithm="envelope"
   gama-local-compiler="g++ 4.7.2"
   axes-xy="ne"
   angles="left-handed"
/>

<network-processing-summary>

<coordinates-summary>
   <coordinates-summary-adjusted>    <count-xyz>0</count-xyz> <count-xy>12</count-xy> <count-z>0</count-z> </coordinates-summary-adjusted>
   <coordinates-summary-constrained> <count-xyz>0</count-xyz> <count-xy>0</count-xy> <count-z>0</count-z> </coordinates-summary-constrained>
   <coordinates-summary-fixed>       <count-xyz>0</count-xyz> <count-xy>2</count-xy> <count-z>0</count-z> </coordinates-summary-fixed>
</coordinates-summary>

<observations-summary>
   <distances>24</distances>
   <directions>24</directions>
   <angles>0</angles>
   <xyz-coords>0</xyz-coords>
   <h-diffs>0</h-diffs>
   <z-angles>0</z-angles>
   <s-dists>0</s-dists>
   <vectors>0</vectors>
   <azimuths>0</azimuths>
</observations-summary>

<project-equations>
   <equations>48</equations>
   <unknowns>36</unknowns>
   <degrees-of-freedom>12</degrees-of-freedom>
   <defect>0</defect>
   <sum-of-squares>9.6782032e+03</sum-of-squares>
   <connected-network/>
</project-equations>

<standard-deviation>
   <apriori>1.0000000e+01</apriori>
   <aposteriori>2.8399242e+01</aposteriori>
   <used>aposteriori</used>

   <probability>0.950</probability>
   <ratio>2.840</ratio>
   <lower>0.606</lower>
   <upper>1.395</upper>
   <failed/>

   <confidence-scale>2.1788128e+00</confidence-scale>
</standard-deviation>

</network-processing-summary>

<coordinates>

<fixed>
   <point> <id>B</id> <x>1250.000000</x> <y>1620.000000</y> </point>
   <point> <id>C</id> <x>1174.000000</x> <y>2639.500000</y> </point>
</fixed>

<approximate>
   <point> <id>1</id> <x>1304.943883</x> <y>1699.567503</y> </point>
   <point> <id>2</id> <x>1380.697825</x> <y>1757.849084</y> </point>
   <point> <id>3</id> <x>1369.703082</x> <y>1865.385627</y> </point>
   <point> <id>4</id> <x>1404.922705</x> <y>1932.414498</y> </point>
   <point> <id>5</id> <x>1325.719737</x> <y>1992.310438</y> </point>
   <point> <id>6</id> <x>1225.172151</x> <y>2002.842991</y> </point>
   <point> <id>7</id> <x>1239.234090</x> <y>2113.923499</y> </point>
   <point> <id>8</id> <x>1360.903850</x> <y>2212.703176</y> </point>
   <point> <id>9</id> <x>1330.898028</x> <y>2325.535614</y> </point>
   <point> <id>10</id> <x>1276.218464</x> <y>2390.772030</y> </point>
   <point> <id>11</id> <x>1329.156107</x> <y>2503.599978</y> </point>
   <point> <id>12</id> <x>1283.339254</x> <y>2618.217837</y> </point>
</approximate>

<!-- capital X,Y,Z denote constrained coordinates -->
<adjusted>
   <point> <id>1</id> <x>1304.9438710633789924</x> <y>1699.5674753652547224</y> </point>
   <point> <id>2</id> <x>1380.6977971253522810</x> <y>1757.8490245778234566</y> </point>
   <point> <id>3</id> <x>1369.7030905109920695</x> <y>1865.3855542580911333</y> </point>
   <point> <id>4</id> <x>1404.9227393824467072</x> <y>1932.4144123375331219</y> </point>
   <point> <id>5</id> <x>1325.7197979393497462</x> <y>1992.3103941206177296</y> </point>
   <point> <id>6</id> <x>1225.1722155048273635</x> <y>2002.8429868590133083</y> </point>
   <point> <id>7</id> <x>1239.2341593372655097</x> <y>2113.9235029086516988</y> </point>
   <point> <id>8</id> <x>1360.9038965125853338</x> <y>2212.7032162572118068</y> </point>
   <point> <id>9</id> <x>1330.8980442547949679</x> <y>2325.5356528346519553</y> </point>
   <point> <id>10</id> <x>1276.2184654471791418</x> <y>2390.7720557376424040</y> </point>
   <point> <id>11</id> <x>1329.1560682788624490</x> <y>2503.6000068550038122</y> </point>
   <point> <id>12</id> <x>1283.3392124469785358</x> <y>2618.2178334134828219</y> </point>
</adjusted>

<orientation-shifts>
   <orientation> <id>1</id> <approx>261.523312</approx> <adj>261.523320</adj> </orientation>
   <orientation> <id>2</id> <approx>241.740844</approx> <adj>241.740842</adj> </orientation>
   <orientation> <id>3</id> <approx>306.479576</approx> <adj>306.479563</adj> </orientation>
   <orientation> <id>4</id> <approx>269.192089</approx> <adj>269.192066</adj> </orientation>
   <orientation> <id>5</id> <approx>358.775125</approx> <adj>358.775098</adj> </orientation>
   <orientation> <id>6</id> <approx>393.355323</approx> <adj>393.355310</adj> </orientation>
   <orientation> <id>7</id> <approx>291.982230</approx> <adj>291.982238</adj> </orientation>
   <orientation> <id>8</id> <approx>243.405704</approx> <adj>243.405719</adj> </orientation>
   <orientation> <id>9</id> <approx>316.540253</approx> <adj>316.540263</adj> </orientation>
   <orientation> <id>10</id> <approx>344.405786</approx> <adj>344.405795</adj> </orientation>
   <orientation> <id>11</id> <approx>272.064584</approx> <adj>272.064586</adj> </orientation>
   <orientation> <id>12</id> <approx>324.203995</approx> <adj>324.203981</adj> </orientation>
</orientation-shifts>

<!-- upper part of symmetric matrix band by rows -->
<cov-mat>
<dim>36</dim> <band>35</band>
<flt>5.6833402e+02</flt> <flt>-2.1544263e+02</flt> <flt>8.0237136e+02</flt>
<flt>-5.0671159e+02</flt> <flt>1.0856245e+03</flt> <flt>-4.5110883e+02</flt>
<flt>1.2079658e+03</flt> <flt>-4.9488790e+02</flt> <flt>1.2688037e+03</flt>
<flt>-3.7586470e+02</flt> <flt>1.2607746e+03</flt> <flt>-3.3351038e+02</flt>
<flt>1.1038960e+03</flt> <flt>-2.8924628e+02</flt> <flt>8.3953859e+02</flt>
<flt>4.9966922e+01</flt> <flt>5.4921327e+02</flt> <flt>1.0032094e+00</flt>
<flt>3.9212695e+02</flt> <flt>-9.6823079e+01</flt> <flt>1.6535641e+02</flt>
<flt>3.0629174e+01</flt> <flt>3.0785062e+01</flt> <flt>6.3880021e+00</flt>
<flt>-3.1866005e+03</flt> <flt>-2.0904970e+03</flt> <flt>-1.3873007e+03</flt>
<flt>-9.6282839e+02</flt> <flt>-5.5193593e+02</flt> <flt>3.2826655e+02</flt>
<flt>1.3315723e+03</flt> <flt>1.6725543e+03</flt> <flt>1.4844315e+03</flt>
<flt>1.3477932e+03</flt> <flt>1.0080422e+03</flt> <flt>3.8016277e+02</flt>
<flt>3.1922919e+02</flt> <flt>-3.5238420e+02</flt> <flt>4.8587590e+02</flt>
<flt>-5.1530693e+02</flt> <flt>4.4812127e+02</flt> <flt>-5.8997235e+02</flt>
<flt>4.7062057e+02</flt> <flt>-6.3160416e+02</flt> <flt>3.8598868e+02</flt>
<flt>-6.2686518e+02</flt> <flt>3.4446751e+02</flt> <flt>-5.3278660e+02</flt>
<flt>3.1305186e+02</flt> <flt>-3.6640213e+02</flt> <flt>9.6289227e+01</flt>
<flt>-1.9997837e+02</flt> <flt>1.1831151e+02</flt> <flt>-1.1896054e+02</flt>
<flt>1.6000469e+02</flt> <flt>-2.2783558e+01</flt> <flt>9.7755518e+01</flt>
<flt>-6.0190969e+00</flt> <flt>8.1291330e+01</flt> <flt>1.8986912e+03</flt>
<flt>1.2065351e+03</flt> <flt>8.1042821e+02</flt> <flt>6.1873225e+02</flt>
<flt>4.2534169e+02</flt> <flt>-1.4808888e+02</flt> <flt>-8.3135660e+02</flt>
<flt>-1.0087188e+03</flt> <flt>-7.8625904e+02</flt> <flt>-6.2225424e+02</flt>
<flt>-3.1429504e+02</flt> <flt>2.0034774e+02</flt> <flt>1.2996031e+03</flt>
<flt>-8.4667126e+02</flt> <flt>1.8352138e+03</flt> <flt>-7.4734726e+02</flt>
<flt>2.0689077e+03</flt> <flt>-8.3613796e+02</flt> <flt>2.1887758e+03</flt>
<flt>-6.1254077e+02</flt> <flt>2.1768943e+03</flt> <flt>-5.2250463e+02</flt>
<flt>1.9231001e+03</flt> <flt>-4.4966426e+02</flt> <flt>1.4790462e+03</flt>
<flt>1.1940768e+02</flt> <flt>9.8277224e+02</flt> <flt>3.4748511e+01</flt>
<flt>7.0991331e+02</flt> <flt>-1.3701086e+02</flt> <flt>3.0816880e+02</flt>
<flt>8.6431036e+01</flt> <flt>5.7278442e+01</flt> <flt>3.5708692e+01</flt>
<flt>-5.1470759e+03</flt> <flt>-3.9131987e+03</flt> <flt>-2.6420540e+03</flt>
<flt>-1.8467355e+03</flt> <flt>-1.0814864e+03</flt> <flt>4.6376080e+02</flt>
<flt>2.2076090e+03</flt> <flt>2.8326841e+03</flt> <flt>2.5614582e+03</flt>
<flt>2.3658939e+03</flt> <flt>1.8206267e+03</flt> <flt>7.8074579e+02</flt>
<flt>1.0056140e+03</flt> <flt>-1.3288827e+03</flt> <flt>9.1063755e+02</flt>
<flt>-1.5478683e+03</flt> <flt>9.9019899e+02</flt> <flt>-1.6698512e+03</flt>
<flt>7.6344909e+02</flt> <flt>-1.6611574e+03</flt> <flt>6.4772172e+02</flt>
<flt>-1.4549486e+03</flt> <flt>5.7965145e+02</flt> <flt>-1.0689646e+03</flt>
<flt>8.0167381e+01</flt> <flt>-6.5822940e+02</flt> <flt>1.4106834e+02</flt>
<flt>-4.4394518e+02</flt> <flt>2.6307569e+02</flt> <flt>-1.5626611e+02</flt>
<flt>9.1685953e+01</flt> <flt>-3.1848563e+01</flt> <flt>9.0924827e+01</flt>
<flt>4.3436840e+03</flt> <flt>3.5032697e+03</flt> <flt>2.4115421e+03</flt>
<flt>1.7861029e+03</flt> <flt>1.1751312e+03</flt> <flt>-2.4635371e+02</flt>
<flt>-1.8876279e+03</flt> <flt>-2.4065947e+03</flt> <flt>-2.0320565e+03</flt>
<flt>-1.7583020e+03</flt> <flt>-1.1482953e+03</flt> <flt>-5.9541145e+01</flt>
<flt>3.0286715e+03</flt> <flt>-1.1463647e+03</flt> <flt>3.5603251e+03</flt>
<flt>-1.3733161e+03</flt> <flt>3.8505615e+03</flt> <flt>-8.8294666e+02</flt>
<flt>3.8401746e+03</flt> <flt>-6.3439829e+02</flt> <flt>3.4837353e+03</flt>
<flt>-5.2518119e+02</flt> <flt>2.7670411e+03</flt> <flt>3.8928367e+02</flt>
<flt>1.9186670e+03</flt> <flt>2.3927681e+02</flt> <flt>1.4287007e+03</flt>
<flt>-7.9019368e+01</flt> <flt>6.6539040e+02</flt> <flt>3.3316717e+02</flt>
<flt>1.2317677e+02</flt> <flt>1.9595158e+02</flt> <flt>-7.5743613e+03</flt>
<flt>-7.2204549e+03</flt> <flt>-5.9730523e+03</flt> <flt>-4.2371972e+03</flt>
<flt>-2.5898159e+03</flt> <flt>2.6939104e+02</flt> <flt>3.4037541e+03</flt>
<flt>4.6998274e+03</flt> <flt>4.5091556e+03</flt> <flt>4.3808781e+03</flt>
<flt>3.6417673e+03</flt> <flt>2.0465659e+03</flt> <flt>9.2623073e+02</flt>
<flt>-1.3241332e+03</flt> <flt>9.8464885e+02</flt> <flt>-1.4235458e+03</flt>
<flt>7.9042293e+02</flt> <flt>-1.4142565e+03</flt> <flt>6.9269284e+02</flt>
<flt>-1.2169311e+03</flt> <flt>6.2672817e+02</flt> <flt>-8.5924317e+02</flt>
<flt>1.6178367e+02</flt> <flt>-4.9327035e+02</flt> <flt>2.1222170e+02</flt>
<flt>-3.1037483e+02</flt> <flt>3.1003098e+02</flt> <flt>-8.2427560e+01</flt>
<flt>1.6724646e+02</flt> <flt>-1.8775721e+01</flt> <flt>1.4379269e+02</flt>
<flt>3.8826184e+03</flt> <flt>2.9866200e+03</flt> <flt>1.9399885e+03</flt>
<flt>1.4645788e+03</flt> <flt>9.9178432e+02</flt> <flt>-2.7709934e+02</flt>
<flt>-1.7711339e+03</flt> <flt>-2.1906382e+03</flt> <flt>-1.7587032e+03</flt>
<flt>-1.4410735e+03</flt> <flt>-8.1192548e+02</flt> <flt>2.6311333e+02</flt>
<flt>4.3784950e+03</flt> <flt>-1.6425347e+03</flt> <flt>4.8280826e+03</flt>
<flt>-9.2169866e+02</flt> <flt>4.8261650e+03</flt> <flt>-5.1190755e+02</flt>
<flt>4.4732922e+03</flt> <flt>-3.9407610e+02</flt> <flt>3.6394807e+03</flt>
<flt>6.6556245e+02</flt> <flt>2.5996092e+03</flt> <flt>4.7659036e+02</flt>
<flt>1.9743699e+03</flt> <flt>6.1091436e+01</flt> <flt>9.5894216e+02</flt>
<flt>5.9810843e+02</flt> <flt>1.7727482e+02</flt> <flt>3.7812143e+02</flt>
<flt>-8.6524946e+03</flt> <flt>-8.7127075e+03</flt> <flt>-8.1033040e+03</flt>
<flt>-6.3796105e+03</flt> <flt>-3.9948578e+03</flt> <flt>-2.4528629e+02</flt>
<flt>3.7756182e+03</flt> <flt>5.6105251e+03</flt> <flt>5.6621811e+03</flt>
<flt>5.7204211e+03</flt> <flt>5.0127393e+03</flt> <flt>3.2396821e+03</flt>
<flt>1.1874110e+03</flt> <flt>-1.8244541e+03</flt> <flt>8.7221485e+02</flt>
<flt>-1.8198416e+03</flt> <flt>6.8527529e+02</flt> <flt>-1.6296963e+03</flt>
<flt>6.1411181e+02</flt> <flt>-1.2169564e+03</flt> <flt>7.9643989e+01</flt>
<flt>-7.6566970e+02</flt> <flt>1.4510150e+02</flt> <flt>-5.2447936e+02</flt>
<flt>2.8182882e+02</flt> <flt>-1.9271720e+02</flt> <flt>8.5589754e+01</flt>
<flt>-3.9848928e+01</flt> <flt>8.9598776e+01</flt> <flt>4.2853189e+03</flt>
<flt>3.6397042e+03</flt> <flt>2.9736194e+03</flt> <flt>2.5559656e+03</flt>
<flt>1.7414850e+03</flt> <flt>2.2180077e+01</flt> <flt>-1.9328432e+03</flt>
<flt>-2.6060468e+03</flt> <flt>-2.2545625e+03</flt> <flt>-1.9996587e+03</flt>
<flt>-1.3498737e+03</flt> <flt>-1.4032035e+02</flt> <flt>5.5373882e+03</flt>
<flt>-8.8070483e+02</flt> <flt>5.5509522e+03</flt> <flt>-2.5885744e+02</flt>
<flt>5.2752181e+03</flt> <flt>-1.4707199e+02</flt> <flt>4.3967529e+03</flt>
<flt>9.6436960e+02</flt> <flt>3.2285533e+03</flt> <flt>7.4744696e+02</flt>
<flt>2.4943551e+03</flt> <flt>2.5037912e+02</flt> <flt>1.2529030e+03</flt>
<flt>8.9501902e+02</flt> <flt>2.3210018e+02</flt> <flt>5.8645458e+02</flt>
<flt>-9.2271329e+03</flt> <flt>-9.5505079e+03</flt> <flt>-9.3634832e+03</flt>
<flt>-8.2060484e+03</flt> <flt>-5.7360642e+03</flt> <flt>-1.1341172e+03</flt>
<flt>3.6947491e+03</flt> <flt>6.1070722e+03</flt> <flt>6.5280851e+03</flt>
<flt>6.8679955e+03</flt> <flt>6.3095064e+03</flt> <flt>4.5113774e+03</flt>
<flt>9.6780707e+02</flt> <flt>-8.5387657e+02</flt> <flt>1.0752704e+03</flt>
<flt>-5.4667026e+02</flt> <flt>9.9266897e+02</flt> <flt>-1.8160883e+02</flt>
<flt>5.1129003e+02</flt> <flt>1.0394057e+02</flt> <flt>5.3925715e+02</flt>
<flt>1.9884023e+02</flt> <flt>5.6462194e+02</flt> <flt>2.2041117e+02</flt>
<flt>5.1450632e+02</flt> <flt>3.7007834e+01</flt> <flt>3.9177212e+02</flt>
<flt>3.2171095e+03</flt> <flt>2.2609940e+03</flt> <flt>1.0881929e+03</flt>
<flt>-1.9519468e+01</flt> <flt>-6.6897697e+02</flt> <flt>-1.2412415e+03</flt>
<flt>-2.1223337e+03</flt> <flt>-1.9983515e+03</flt> <flt>-1.1048523e+03</flt>
<flt>-4.3714847e+02</flt> <flt>4.5239729e+02</flt> <flt>1.6757459e+03</flt>
<flt>5.6676898e+03</flt> <flt>-1.9899526e+02</flt> <flt>5.4122405e+03</flt>
<flt>-8.9579008e+01</flt> <flt>4.5313003e+03</flt> <flt>1.0239312e+03</flt>
<flt>3.3440019e+03</flt> <flt>8.0254685e+02</flt> <flt>2.5913158e+03</flt>
<flt>2.9121058e+02</flt> <flt>1.3090626e+03</flt> <flt>9.5482730e+02</flt>
<flt>2.4259946e+02</flt> <flt>6.2877077e+02</flt> <flt>-9.1782571e+03</flt>
<flt>-9.5368023e+03</flt> <flt>-9.4087026e+03</flt> <flt>-8.3334446e+03</flt>
<flt>-5.9600830e+03</flt> <flt>-1.3294595e+03</flt> <flt>3.6431227e+03</flt>
<flt>6.1669497e+03</flt> <flt>6.6687914e+03</flt> <flt>7.0701819e+03</flt>
<flt>6.5505114e+03</flt> <flt>4.7618819e+03</flt> <flt>1.6951345e+03</flt>
<flt>4.0754686e+02</flt> <flt>1.5741419e+03</flt> <flt>8.3981875e+02</flt>
<flt>9.9842877e+02</flt> <flt>1.0327336e+03</flt> <flt>1.0051890e+03</flt>
<flt>9.9599260e+02</flt> <flt>9.2936581e+02</flt> <flt>6.9396300e+02</flt>
<flt>1.0271564e+03</flt> <flt>1.2827452e+02</flt> <flt>7.5637480e+02</flt>
<flt>2.7320125e+03</flt> <flt>1.4985597e+03</flt> <flt>-1.5603149e+02</flt>
<flt>-1.9567301e+03</flt> <flt>-3.4470676e+03</flt> <flt>-3.7145587e+03</flt>
<flt>-3.2150731e+03</flt> <flt>-1.9742149e+03</flt> <flt>-2.2558561e+02</flt>
<flt>1.0918743e+03</flt> <flt>2.4181796e+03</flt> <flt>3.8053627e+03</flt>
<flt>5.6634404e+03</flt> <flt>4.6467689e+02</flt> <flt>5.0113343e+03</flt>
<flt>1.2832360e+03</flt> <flt>3.8961513e+03</flt> <flt>1.0844447e+03</flt>
<flt>3.0978428e+03</flt> <flt>5.4459029e+02</flt> <flt>1.6289528e+03</flt>
<flt>1.2910887e+03</flt> <flt>3.1172045e+02</flt> <flt>8.6968053e+02</flt>
<flt>-8.0845391e+03</flt> <flt>-8.7406716e+03</flt> <flt>-9.1326662e+03</flt>
<flt>-8.8091988e+03</flt> <flt>-7.3525198e+03</flt> <flt>-3.7210661e+03</flt>
<flt>1.4374708e+03</flt> <flt>5.2030725e+03</flt> <flt>6.6622089e+03</flt>
<flt>7.7908920e+03</flt> <flt>7.7637078e+03</flt> <flt>6.1670990e+03</flt>
<flt>1.5593123e+03</flt> <flt>8.6534813e+02</flt> <flt>1.0229092e+03</flt>
<flt>1.0379852e+03</flt> <flt>1.0224178e+03</flt> <flt>9.9651897e+02</flt>
<flt>9.3991702e+02</flt> <flt>6.9320311e+02</flt> <flt>1.0375543e+03</flt>
<flt>1.2623029e+02</flt> <flt>7.6419960e+02</flt> <flt>2.3985620e+03</flt>
<flt>1.2365852e+03</flt> <flt>-3.0544709e+02</flt> <flt>-1.9580195e+03</flt>
<flt>-3.2851382e+03</flt> <flt>-3.4081917e+03</flt> <flt>-2.9272616e+03</flt>
<flt>-1.8132667e+03</flt> <flt>-1.3749503e+02</flt> <flt>1.1242646e+03</flt>
<flt>2.4265256e+03</flt> <flt>3.8317330e+03</flt> <flt>4.7951256e+03</flt>
<flt>1.2578652e+03</flt> <flt>3.9294249e+03</flt> <flt>1.1265802e+03</flt>
<flt>3.1923796e+03</flt> <flt>6.4476556e+02</flt> <flt>1.7247658e+03</flt>
<flt>1.3847227e+03</flt> <flt>3.4427921e+02</flt> <flt>9.4048334e+02</flt>
<flt>-6.1126524e+03</flt> <flt>-6.9889685e+03</flt> <flt>-7.7820312e+03</flt>
<flt>-8.0574703e+03</flt> <flt>-7.3539319e+03</flt> <flt>-4.5873986e+03</flt>
<flt>-4.4903967e+02</flt> <flt>3.2686194e+03</flt> <flt>5.6425902e+03</flt>
<flt>7.4658499e+03</flt> <flt>7.9269777e+03</flt> <flt>6.5567900e+03</flt>
<flt>1.1273195e+03</flt> <flt>1.1005384e+03</flt> <flt>1.0363420e+03</flt>
<flt>9.6678801e+02</flt> <flt>8.6688731e+02</flt> <flt>6.2661151e+02</flt>
<flt>9.8790098e+02</flt> <flt>9.4622900e+01</flt> <flt>7.2418743e+02</flt>
<flt>-1.3880978e+02</flt> <flt>-9.9858783e+02</flt> <flt>-2.0037796e+03</flt>
<flt>-2.8701107e+03</flt> <flt>-3.2263139e+03</flt> <flt>-2.2675627e+03</flt>
<flt>-5.2547990e+02</flt> <flt>6.7538021e+02</flt> <flt>1.2686333e+03</flt>
<flt>1.7082075e+03</flt> <flt>2.4441159e+03</flt> <flt>3.6092458e+03</flt>
<flt>3.5857144e+03</flt> <flt>1.0742012e+03</flt> <flt>3.0280096e+03</flt>
<flt>7.4161439e+02</flt> <flt>1.7113271e+03</flt> <flt>1.3960361e+03</flt>
<flt>3.6506574e+02</flt> <flt>9.5981613e+02</flt> <flt>-3.9518104e+03</flt>
<flt>-4.8810255e+03</flt> <flt>-5.8577226e+03</flt> <flt>-6.5061394e+03</flt>
<flt>-6.3857223e+03</flt> <flt>-4.5016910e+03</flt> <flt>-1.4993563e+03</flt>
<flt>9.8008644e+02</flt> <flt>3.3213003e+03</flt> <flt>6.1516332e+03</flt>
<flt>7.3955723e+03</flt> <flt>6.5327372e+03</flt> <flt>1.0707427e+03</flt>
<flt>9.7988874e+02</flt> <flt>9.3252346e+02</flt> <flt>6.5862202e+02</flt>
<flt>1.0393604e+03</flt> <flt>1.0622083e+02</flt> <flt>7.6449834e+02</flt>
<flt>2.1012818e+02</flt> <flt>-6.2891520e+02</flt> <flt>-1.6348423e+03</flt>
<flt>-2.5458408e+03</flt> <flt>-3.0085475e+03</flt> <flt>-2.2660017e+03</flt>
<flt>-8.2089259e+02</flt> <flt>8.1917363e+01</flt> <flt>7.1621548e+02</flt>
<flt>1.4610470e+03</flt> <flt>2.4445625e+03</flt> <flt>3.7881972e+03</flt>
<flt>2.6965050e+03</flt> <flt>7.4741702e+02</flt> <flt>1.5872669e+03</flt>
<flt>1.2920470e+03</flt> <flt>3.6028673e+02</flt> <flt>8.9601916e+02</flt>
<flt>-2.7878772e+03</flt> <flt>-3.6487659e+03</flt> <flt>-4.5949333e+03</flt>
<flt>-5.3040455e+03</flt> <flt>-5.3827390e+03</flt> <flt>-3.9564210e+03</flt>
<flt>-1.5963161e+03</flt> <flt>2.5599003e+02</flt> <flt>1.9323887e+03</flt>
<flt>4.6641126e+03</flt> <flt>6.4727198e+03</flt> <flt>6.0270884e+03</flt>
<flt>9.7326438e+02</flt> <flt>5.8416980e+02</flt> <flt>9.9406763e+02</flt>
<flt>1.0735830e+02</flt> <flt>7.4159919e+02</flt> <flt>9.1524306e+02</flt>
<flt>1.6972715e+02</flt> <flt>-7.6049960e+02</flt> <flt>-1.6655715e+03</flt>
<flt>-2.2445688e+03</flt> <flt>-1.8664134e+03</flt> <flt>-9.5425879e+02</flt>
<flt>-5.4456097e+02</flt> <flt>-4.1565719e+02</flt> <flt>2.8553268e+02</flt>
<flt>1.7834207e+03</flt> <flt>3.5221515e+03</flt> <flt>1.1113394e+03</flt>
<flt>8.5082893e+02</flt> <flt>3.1344619e+02</flt> <flt>6.0635085e+02</flt>
<flt>-1.1328874e+03</flt> <flt>-1.7109044e+03</flt> <flt>-2.3766436e+03</flt>
<flt>-2.9327193e+03</flt> <flt>-3.1259367e+03</flt> <flt>-2.4037861e+03</flt>
<flt>-1.1301456e+03</flt> <flt>-2.1468380e+02</flt> <flt>5.4736946e+02</flt>
<flt>1.9241144e+03</flt> <flt>3.5343058e+03</flt> <flt>4.0164932e+03</flt>
<flt>1.2579892e+03</flt> <flt>1.3659630e+02</flt> <flt>9.1858199e+02</flt>
<flt>-2.9453852e+01</flt> <flt>-8.7475797e+02</flt> <flt>-1.8910441e+03</flt>
<flt>-2.8163292e+03</flt> <flt>-3.2956355e+03</flt> <flt>-2.5696048e+03</flt>
<flt>-1.1428366e+03</flt> <flt>-2.6402792e+02</flt> <flt>3.4095928e+02</flt>
<flt>1.7133222e+03</flt> <flt>3.3416179e+03</flt> <flt>4.6862675e+03</flt>
<flt>2.2149249e+02</flt> <flt>1.0569248e+02</flt> <flt>-2.1662955e+02</flt>
<flt>-3.1893649e+02</flt> <flt>-4.3948490e+02</flt> <flt>-5.4503465e+02</flt>
<flt>-5.9174404e+02</flt> <flt>-4.8491405e+02</flt> <flt>-2.8719831e+02</flt>
<flt>-1.5441470e+02</flt> <flt>-5.1929833e+01</flt> <flt>1.5098733e+02</flt>
<flt>3.8978908e+02</flt> <flt>6.6715416e+02</flt> <flt>7.5254605e+02</flt>
<flt>1.0063975e+02</flt> <flt>-5.1936346e+02</flt> <flt>-1.2691479e+03</flt>
<flt>-1.9592888e+03</flt> <flt>-2.3309882e+03</flt> <flt>-1.8322617e+03</flt>
<flt>-8.3039671e+02</flt> <flt>-2.3291511e+02</flt> <flt>1.5866188e+02</flt>
<flt>1.0996139e+03</flt> <flt>2.2195339e+03</flt> <flt>3.5263181e+03</flt>
<flt>2.6459844e+04</flt> <flt>1.7683426e+04</flt> <flt>1.2048179e+04</flt>
<flt>8.6418064e+03</flt> <flt>5.3451961e+03</flt> <flt>-1.7007529e+03</flt>
<flt>-9.7291615e+03</flt> <flt>-1.2463185e+04</flt> <flt>-1.0967294e+04</flt>
<flt>-9.8810352e+03</flt> <flt>-7.1700414e+03</flt> <flt>-2.1545059e+03</flt>
<flt>2.3448175e+04</flt> <flt>1.6673313e+04</flt> <flt>1.1975203e+04</flt>
<flt>7.5278798e+03</flt> <flt>4.4067223e+01</flt> <flt>-8.1059381e+03</flt>
<flt>-1.1579942e+04</flt> <flt>-1.1262930e+04</flt> <flt>-1.1063829e+04</flt>
<flt>-9.2871030e+03</flt> <flt>-5.3041879e+03</flt> <flt>2.3689163e+04</flt>
<flt>1.7205784e+04</flt> <flt>1.1168096e+04</flt> <flt>3.0791262e+03</flt>
<flt>-5.2389341e+03</flt> <flt>-9.7356430e+03</flt> <flt>-1.1047922e+04</flt>
<flt>-1.2074934e+04</flt> <flt>-1.1589430e+04</flt> <flt>-9.0336679e+03</flt>
<flt>2.4064571e+04</flt> <flt>1.6224229e+04</flt> <flt>7.4493226e+03</flt>
<flt>-1.0592254e+03</flt> <flt>-6.7151541e+03</flt> <flt>-9.8742088e+03</flt>
<flt>-1.2291001e+04</flt> <flt>-1.3269078e+04</flt> <flt>-1.2330971e+04</flt>
<flt>2.2143776e+04</flt> <flt>1.2757819e+04</flt> <flt>4.0795799e+03</flt>
<flt>-2.6090124e+03</flt> <flt>-7.4132236e+03</flt> <flt>-1.1068069e+04</flt>
<flt>-1.3349942e+04</flt> <flt>-1.3852884e+04</flt> <flt>1.8505088e+04</flt>
<flt>9.7622782e+03</flt> <flt>2.6807419e+03</flt> <flt>-2.7494760e+03</flt>
<flt>-6.8754192e+03</flt> <flt>-9.6534055e+03</flt> <flt>-1.0704689e+04</flt>
<flt>1.6367277e+04</flt> <flt>9.1766181e+03</flt> <flt>3.5725553e+03</flt>
<flt>-6.8421378e+02</flt> <flt>-3.5999732e+03</flt> <flt>-4.8035336e+03</flt>
<flt>1.6687631e+04</flt> <flt>1.0025629e+04</flt> <flt>4.9727137e+03</flt>
<flt>1.2185313e+03</flt> <flt>-9.1171515e+02</flt> <flt>1.7043942e+04</flt>
<flt>1.0722671e+04</flt> <flt>5.6327805e+03</flt> <flt>2.0262126e+03</flt>
<flt>1.8812645e+04</flt> <flt>1.2717575e+04</flt> <flt>8.0000104e+03</flt>
<flt>2.0929689e+04</flt> <flt>1.5042130e+04</flt> <flt>2.3227150e+04</flt>
</cov-mat>

<!-- original indexes from the adjustment -->
<original-index>
<ind>2</ind>
<ind>3</ind>
<ind>4</ind>
<ind>5</ind>
<ind>7</ind>
<ind>8</ind>
<ind>10</ind>
<ind>11</ind>
<ind>13</ind>
<ind>14</ind>
<ind>16</ind>
<ind>17</ind>
<ind>19</ind>
<ind>20</ind>
<ind>22</ind>
<ind>23</ind>
<ind>25</ind>
<ind>26</ind>
<ind>28</ind>
<ind>29</ind>
<ind>31</ind>
<ind>32</ind>
<ind>34</ind>
<ind>35</ind>
<ind>1</ind>
<ind>6</ind>
<ind>9</ind>
<ind>12</ind>
<ind>15</ind>
<ind>18</ind>
<ind>21</ind>
<ind>24</ind>
<ind>27</ind>
<ind>30</ind>
<ind>33</ind>
<ind>36</ind>
</original-index>

</coordinates>

<observations>

<direction> <from>1</from> <to>B</to>
   <obs>0.0000000000000000</obs> <adj>0.0029999856403894</adj> <stdev>87.2231071258365489</stdev>
   <qrr>0.093</qrr> <f>0.489</f> <std-residual>3.464</std-residual>
   <err-obs>3073.163</err-obs> <err-adj>3043.163</err-adj>
   </direction>
<direction> <from>1</from> <to>2</to>
   <obs>180.2274691358024370</obs> <adj>180.2244691501620366</adj> <stdev>87.2231071258365773</stdev>
   <qrr>0.093</qrr> <f>0.489</f> <std-residual>3.464</std-residual>
   <err-obs>-3073.163</err-obs> <err-adj>-3043.163</err-adj>
   </direction>
<distance> <from>1</from> <to>B</to>
   <obs>96.6880000000000024</obs> <adj>96.6944264341518362</adj> <stdev>14.0779133532116223</stdev>
   <qrr>0.004</qrr> <f>0.857</f> <std-residual>3.464</std-residual>
   <err-obs>376.500</err-obs> <err-adj>370.073</err-adj>
   </distance>
<distance> <from>1</from> <to>2</to>
   <obs>95.5769999999999982</obs> <adj>95.5792670636250250</adj> <stdev>10.0192972838966021</stdev>
   <qrr>0.126</qrr> <f>29.440</f> <std-residual>0.225</std-residual>
   <err-obs>4.515</err-obs> <err-adj>2.248</err-adj>
   </distance>
<direction> <from>2</from> <to>1</to>
   <obs>0.0000000000000000</obs> <adj>0.0069473094072229</adj> <stdev>85.3267863298249978</stdev>
   <qrr>0.499</qrr> <f>2.653</f> <std-residual>3.464</std-residual>
   <err-obs>1327.052</err-obs> <err-adj>1257.579</err-adj>
   </direction>
<direction> <from>2</from> <to>3</to>
   <obs>264.7524691358024711</obs> <adj>264.7455218263952474</adj> <stdev>85.3267863298250830</stdev>
   <qrr>0.499</qrr> <f>2.653</f> <std-residual>3.464</std-residual>
   <err-obs>-1327.052</err-obs> <err-adj>-1257.579</err-adj>
   </direction>
<distance> <from>2</from> <to>1</to>
   <obs>95.5769999999999982</obs> <adj>95.5792670636250250</adj> <stdev>10.0192972838966003</stdev>
   <qrr>0.126</qrr> <f>29.440</f> <std-residual>0.225</std-residual>
   <err-obs>4.515</err-obs> <err-adj>2.248</err-adj>
   </distance>
<distance> <from>2</from> <to>3</to>
   <obs>108.0930000000000035</obs> <adj>108.0971266464086256</adj> <stdev>9.9697299514384010</stdev>
   <qrr>0.127</qrr> <f>29.789</f> <std-residual>0.408</std-residual>
   <err-obs>8.139</err-obs> <err-adj>4.012</err-adj>
   </distance>
<direction> <from>3</from> <to>2</to>
   <obs>0.0000000000000000</obs> <adj>0.0068005370694984</adj> <stdev>85.4252626281760001</stdev>
   <qrr>0.478</qrr> <f>2.540</f> <std-residual>3.464</std-residual>
   <err-obs>1355.693</err-obs> <err-adj>1287.688</err-adj>
   </direction>
<direction> <from>3</from> <to>4</to>
   <obs>162.7280864197530832</obs> <adj>162.7212858826835884</adj> <stdev>85.4252626281760854</stdev>
   <qrr>0.478</qrr> <f>2.540</f> <std-residual>3.464</std-residual>
   <err-obs>-1355.693</err-obs> <err-adj>-1287.688</err-adj>
   </direction>
<distance> <from>3</from> <to>2</to>
   <obs>108.0930000000000035</obs> <adj>108.0971266464086256</adj> <stdev>9.9697299514384046</stdev>
   <qrr>0.127</qrr> <f>29.789</f> <std-residual>0.408</std-residual>
   <err-obs>8.139</err-obs> <err-adj>4.012</err-adj>
   </distance>
<distance> <from>3</from> <to>4</to>
   <obs>75.7150000000000034</obs> <adj>75.7185015835742234</adj> <stdev>9.9896375756324929</stdev>
   <qrr>0.126</qrr> <f>29.649</f> <std-residual>0.347</std-residual>
   <err-obs>6.933</err-obs> <err-adj>3.431</err-adj>
   </distance>
<direction> <from>4</from> <to>3</to>
   <obs>0.0000000000000000</obs> <adj>0.0087824323252037</adj> <stdev>83.9053656556987306</stdev>
   <qrr>0.797</qrr> <f>4.274</f> <std-residual>3.464</std-residual>
   <err-obs>1049.760</err-obs> <err-adj>961.935</err-adj>
   </direction>
<direction> <from>4</from> <to>5</to>
   <obs>289.5969135802469054</obs> <adj>289.5881311479217288</adj> <stdev>83.9053656556985601</stdev>
   <qrr>0.797</qrr> <f>4.274</f> <std-residual>3.464</std-residual>
   <err-obs>-1049.760</err-obs> <err-adj>-961.935</err-adj>
   </direction>
<distance> <from>4</from> <to>3</to>
   <obs>75.7150000000000034</obs> <adj>75.7185015835742234</adj> <stdev>9.9896375756324964</stdev>
   <qrr>0.126</qrr> <f>29.649</f> <std-residual>0.347</std-residual>
   <err-obs>6.933</err-obs> <err-adj>3.431</err-adj>
   </distance>
<distance> <from>4</from> <to>5</to>
   <obs>99.2980000000000018</obs> <adj>99.3007279278244681</adj> <stdev>10.0097194600280588</stdev>
   <qrr>0.126</qrr> <f>29.507</f> <std-residual>0.271</std-residual>
   <err-obs>5.423</err-obs> <err-adj>2.695</err-adj>
   </distance>
<direction> <from>5</from> <to>4</to>
   <obs>0.0000000000000000</obs> <adj>0.0050992869292670</adj> <stdev>86.4070616644346075</stdev>
   <qrr>0.269</qrr> <f>1.420</f> <std-residual>3.464</std-residual>
   <err-obs>1807.987</err-obs> <err-adj>1756.994</err-adj>
   </direction>
<direction> <from>5</from> <to>6</to>
   <obs>234.5854938271604908</obs> <adj>234.5803945402312252</adj> <stdev>86.4070616644346075</stdev>
   <qrr>0.269</qrr> <f>1.420</f> <std-residual>3.464</std-residual>
   <err-obs>-1807.987</err-obs> <err-adj>-1756.994</err-adj>
   </direction>
<distance> <from>5</from> <to>4</to>
   <obs>99.2980000000000018</obs> <adj>99.3007279278244681</adj> <stdev>10.0097194600280659</stdev>
   <qrr>0.126</qrr> <f>29.507</f> <std-residual>0.271</std-residual>
   <err-obs>5.423</err-obs> <err-adj>2.695</err-adj>
   </distance>
<distance> <from>5</from> <to>6</to>
   <obs>101.0969999999999942</obs> <adj>101.0977341151539548</adj> <stdev>10.0384115160127791</stdev>
   <qrr>0.125</qrr> <f>29.305</f> <std-residual>0.073</std-residual>
   <err-obs>1.468</err-obs> <err-adj>0.733</err-adj>
   </distance>
<direction> <from>6</from> <to>5</to>
   <obs>0.0000000000000000</obs> <adj>0.0001829154076806</adj> <stdev>87.6503900827218132</stdev>
   <qrr>0.000</qrr> <f>0.002</f>
   </direction>
<direction> <from>6</from> <to>7</to>
   <obs>98.6283950617283978</obs> <adj>98.6282121463207204</adj> <stdev>87.6503900827216569</stdev>
   <qrr>0.000</qrr> <f>0.002</f>
   </direction>
<distance> <from>6</from> <to>5</to>
   <obs>101.0969999999999942</obs> <adj>101.0977341151539548</adj> <stdev>10.0384115160127827</stdev>
   <qrr>0.125</qrr> <f>29.305</f> <std-residual>0.073</std-residual>
   <err-obs>1.468</err-obs> <err-adj>0.733</err-adj>
   </distance>
<distance> <from>6</from> <to>7</to>
   <obs>111.9629999999999939</obs> <adj>111.9670456437989685</adj> <stdev>9.9724961790289512</stdev>
   <qrr>0.127</qrr> <f>29.769</f> <std-residual>0.400</std-residual>
   <err-obs>7.983</err-obs> <err-adj>3.938</err-adj>
   </distance>
<direction> <from>7</from> <to>6</to>
   <obs>0.0000000000000000</obs> <adj>0.0012839757660164</adj> <stdev>87.5735771640549387</stdev>
   <qrr>0.017</qrr> <f>0.089</f>
   </direction>
<direction> <from>7</from> <to>8</to>
   <obs>151.4324074074073962</obs> <adj>151.4311234316413675</adj> <stdev>87.5735771640549814</stdev>
   <qrr>0.017</qrr> <f>0.089</f>
   </direction>
<distance> <from>7</from> <to>6</to>
   <obs>111.9629999999999939</obs> <adj>111.9670456437989685</adj> <stdev>9.9724961790289548</stdev>
   <qrr>0.127</qrr> <f>29.769</f> <std-residual>0.400</std-residual>
   <err-obs>7.983</err-obs> <err-adj>3.938</err-adj>
   </distance>
<distance> <from>7</from> <to>8</to>
   <obs>156.7170000000000130</obs> <adj>156.7193565375168305</adj> <stdev>10.0175767411122543</stdev>
   <qrr>0.126</qrr> <f>29.452</f> <std-residual>0.234</std-residual>
   <err-obs>4.692</err-obs> <err-adj>2.335</err-adj>
   </distance>
<direction> <from>8</from> <to>7</to>
   <obs>0.0000000000000000</obs> <adj>0.0076428455653501</adj> <stdev>84.8297940736314047</stdev>
   <qrr>0.604</qrr> <f>3.220</f> <std-residual>3.464</std-residual>
   <err-obs>1206.284</err-obs> <err-adj>1129.856</err-adj>
   </direction>
<direction> <from>8</from> <to>9</to>
   <obs>273.1487654320987417</obs> <adj>273.1411225865334131</adj> <stdev>84.8297940736316463</stdev>
   <qrr>0.604</qrr> <f>3.220</f> <std-residual>3.464</std-residual>
   <err-obs>-1206.284</err-obs> <err-adj>-1129.856</err-adj>
   </direction>
<distance> <from>8</from> <to>7</to>
   <obs>156.7170000000000130</obs> <adj>156.7193565375168305</adj> <stdev>10.0175767411122525</stdev>
   <qrr>0.126</qrr> <f>29.452</f> <std-residual>0.234</std-residual>
   <err-obs>4.692</err-obs> <err-adj>2.335</err-adj>
   </distance>
<distance> <from>8</from> <to>9</to>
   <obs>116.7500000000000000</obs> <adj>116.7540573758255107</adj> <stdev>9.9720989751724094</stdev>
   <qrr>0.127</qrr> <f>29.772</f> <std-residual>0.401</std-residual>
   <err-obs>8.006</err-obs> <err-adj>3.948</err-adj>
   </distance>
<direction> <from>9</from> <to>8</to>
   <obs>0.0000000000000000</obs> <adj>0.0065786476364627</adj> <stdev>85.5699401620307754</stdev>
   <qrr>0.447</qrr> <f>2.375</f> <std-residual>3.464</std-residual>
   <err-obs>1401.419</err-obs> <err-adj>1335.633</err-adj>
   </direction>
<direction> <from>9</from> <to>10</to>
   <obs>227.8762345679012356</obs> <adj>227.8696559202647620</adj> <stdev>85.5699401620308180</stdev>
   <qrr>0.447</qrr> <f>2.375</f> <std-residual>3.464</std-residual>
   <err-obs>-1401.419</err-obs> <err-adj>-1335.633</err-adj>
   </direction>
<distance> <from>9</from> <to>8</to>
   <obs>116.7500000000000000</obs> <adj>116.7540573758255107</adj> <stdev>9.9720989751724076</stdev>
   <qrr>0.127</qrr> <f>29.772</f> <std-residual>0.401</std-residual>
   <err-obs>8.006</err-obs> <err-adj>3.948</err-adj>
   </distance>
<distance> <from>9</from> <to>10</to>
   <obs>85.1179999999999950</obs> <adj>85.1213522114116188</adj> <stdev>9.9939067806708479</stdev>
   <qrr>0.126</qrr> <f>29.618</f> <std-residual>0.332</std-residual>
   <err-obs>6.643</err-obs> <err-adj>3.291</err-adj>
   </distance>
<direction> <from>10</from> <to>9</to>
   <obs>0.0000000000000000</obs> <adj>0.0041236544655451</adj> <stdev>86.8398831995583151</stdev>
   <qrr>0.176</qrr> <f>0.927</f> <std-residual>3.464</std-residual>
   <err-obs>2235.746</err-obs> <err-adj>2194.509</err-adj>
   </direction>
<direction> <from>10</from> <to>11</to>
   <obs>127.6700617283950407</obs> <adj>127.6659380739294960</adj> <stdev>86.8398831995582867</stdev>
   <qrr>0.176</qrr> <f>0.927</f> <std-residual>3.464</std-residual>
   <err-obs>-2235.746</err-obs> <err-adj>-2194.509</err-adj>
   </direction>
<distance> <from>10</from> <to>9</to>
   <obs>85.1179999999999950</obs> <adj>85.1213522114116188</adj> <stdev>9.9939067806708497</stdev>
   <qrr>0.126</qrr> <f>29.618</f> <std-residual>0.332</std-residual>
   <err-obs>6.643</err-obs> <err-adj>3.291</err-adj>
   </distance>
<distance> <from>10</from> <to>11</to>
   <obs>124.6260000000000048</obs> <adj>124.6295965928849085</adj> <stdev>9.9868242944449754</stdev>
   <qrr>0.126</qrr> <f>29.668</f> <std-residual>0.356</std-residual>
   <err-obs>7.117</err-obs> <err-adj>3.520</err-adj>
   </distance>
<direction> <from>11</from> <to>10</to>
   <obs>0.0000000000000000</obs> <adj>0.0071469600493663</adj> <stdev>85.1892660441797887</stdev>
   <qrr>0.528</qrr> <f>2.810</f> <std-residual>3.464</std-residual>
   <err-obs>1289.981</err-obs> <err-adj>1218.512</err-adj>
   </direction>
<direction> <from>11</from> <to>12</to>
   <obs>252.1518518518518590</obs> <adj>252.1447048918024905</adj> <stdev>85.1892660441797318</stdev>
   <qrr>0.528</qrr> <f>2.810</f> <std-residual>3.464</std-residual>
   <err-obs>-1289.981</err-obs> <err-adj>-1218.512</err-adj>
   </direction>
<distance> <from>11</from> <to>10</to>
   <obs>124.6260000000000048</obs> <adj>124.6295965928849085</adj> <stdev>9.9868242944449737</stdev>
   <qrr>0.126</qrr> <f>29.668</f> <std-residual>0.356</std-residual>
   <err-obs>7.117</err-obs> <err-adj>3.520</err-adj>
   </distance>
<distance> <from>11</from> <to>12</to>
   <obs>123.4320000000000022</obs> <adj>123.4359365959079895</adj> <stdev>9.9761323788926575</stdev>
   <qrr>0.127</qrr> <f>29.744</f> <std-residual>0.390</std-residual>
   <err-obs>7.774</err-obs> <err-adj>3.837</err-adj>
   </distance>
<direction> <from>12</from> <to>11</to>
   <obs>0.0000000000000000</obs> <adj>0.0053101410641283</adj> <stdev>86.3011570858998738</stdev>
   <qrr>0.291</qrr> <f>1.541</f> <std-residual>3.464</std-residual>
   <err-obs>1736.196</err-obs> <err-adj>1683.094</err-adj>
   </direction>
<direction> <from>12</from> <to>C</to>
   <obs>263.5629629629629562</obs> <adj>263.5576528218988415</adj> <stdev>86.3011570858998596</stdev>
   <qrr>0.291</qrr> <f>1.541</f> <std-residual>3.464</std-residual>
   <err-obs>-1736.196</err-obs> <err-adj>-1683.094</err-adj>
   </direction>
<distance> <from>12</from> <to>11</to>
   <obs>123.4320000000000022</obs> <adj>123.4359365959079895</adj> <stdev>9.9761323788926592</stdev>
   <qrr>0.127</qrr> <f>29.744</f> <std-residual>0.390</std-residual>
   <err-obs>7.774</err-obs> <err-adj>3.837</err-adj>
   </distance>
<distance> <from>12</from> <to>C</to>
   <obs>111.3889999999999958</obs> <adj>111.3911755622573025</adj> <stdev>14.1857255640391280</stdev>
   <qrr>0.000</qrr> <f>0.098</f>
   </distance>

</observations>

</gama-local-adjustment>
