<?xml version="1.0"?>
<gama-local-adjustment xmlns="http://www.gnu.org/software/gama/gama-local-adjustment">

<description>
https://geodesist.ru/threads/koordinatnaja-privjazka-xod-bez-primychnyx-uglov.84895/#post-964096
</description>

<network-general-parameters
   gama-local-version="1.15"
   gama-local-algorithm="envelope"
   gama-local-compiler="g++ 4.7.2"
   axes-xy="ne"
   angles="left-handed"
/>

<network-processing-summary>

<coordinates-summary>
   <coordinates-summary-adjusted>    <count-xyz>0</count-xyz> <count-xy>13</count-xy> <count-z>0</count-z> </coordinates-summary-adjusted>
   <coordinates-summary-constrained> <count-xyz>0</count-xyz> <count-xy>0</count-xy> <count-z>0</count-z> </coordinates-summary-constrained>
   <coordinates-summary-fixed>       <count-xyz>0</count-xyz> <count-xy>3</count-xy> <count-z>0</count-z> </coordinates-summary-fixed>
</coordinates-summary>

<observations-summary>
   <distances>28</distances>
   <directions>28</directions>
   <angles>0</angles>
   <xyz-coords>0</xyz-coords>
   <h-diffs>0</h-diffs>
   <z-angles>0</z-angles>
   <s-dists>0</s-dists>
   <vectors>0</vectors>
   <azimuths>0</azimuths>
</observations-summary>

<project-equations>
   <equations>56</equations>
   <unknowns>40</unknowns>
   <degrees-of-freedom>16</degrees-of-freedom>
   <defect>0</defect>
   <sum-of-squares>1.7715606e+03</sum-of-squares>
   <connected-network/>
</project-equations>

<standard-deviation>
   <apriori>1.0000000e+01</apriori>
   <aposteriori>1.0522478e+01</aposteriori>
   <used>aposteriori</used>

   <probability>0.950</probability>
   <ratio>1.052</ratio>
   <lower>0.657</lower>
   <upper>1.343</upper>
   <passed/>

   <confidence-scale>2.1199055e+00</confidence-scale>
</standard-deviation>

</network-processing-summary>

<coordinates>

<fixed>
   <point> <id>A</id> <x>1200.000000</x> <y>1500.000000</y> </point>
   <point> <id>B</id> <x>1250.000000</x> <y>1620.000000</y> </point>
   <point> <id>D</id> <x>1057.600000</x> <y>2688.900000</y> </point>
</fixed>

<approximate>
   <point> <id>1</id> <x>1305.020822</x> <y>1699.506883</y> </point>
   <point> <id>2</id> <x>1380.812274</x> <y>1757.736211</y> </point>
   <point> <id>3</id> <x>1369.860168</x> <y>1865.273539</y> </point>
   <point> <id>4</id> <x>1405.090054</x> <y>1932.293523</y> </point>
   <point> <id>5</id> <x>1325.889288</x> <y>1992.188720</y> </point>
   <point> <id>6</id> <x>1225.340578</x> <y>2002.706229</y> </point>
   <point> <id>7</id> <x>1239.365261</x> <y>2113.787936</y> </point>
   <point> <id>8</id> <x>1360.989634</x> <y>2212.620143</y> </point>
   <point> <id>9</id> <x>1330.933235</x> <y>2325.435557</y> </point>
   <point> <id>10</id> <x>1276.228623</x> <y>2390.647329</y> </point>
   <point> <id>11</id> <x>1329.125948</x> <y>2503.490652</y> </point>
   <point> <id>12</id> <x>1283.288042</x> <y>2618.096460</y> </point>
   <point> <id>C</id> <x>1173.950880</x> <y>2639.379471</y> </point>
</approximate>

<!-- capital X,Y,Z denote constrained coordinates -->
<adjusted>
   <point> <id>1</id> <x>1305.0207855916789867</x> <y>1699.5068997800651687</y> </point>
   <point> <id>2</id> <x>1380.8121946203523294</x> <y>1757.7362530472014441</y> </point>
   <point> <id>3</id> <x>1369.8600773722014310</x> <y>1865.2735545794851078</y> </point>
   <point> <id>4</id> <x>1405.0899666112825344</x> <y>1932.2935165660965140</y> </point>
   <point> <id>5</id> <x>1325.8892543896024563</x> <y>1992.1887551853326386</y> </point>
   <point> <id>6</id> <x>1225.3405697369066729</x> <y>2002.7063357734562032</y> </point>
   <point> <id>7</id> <x>1239.3652751922861626</x> <y>2113.7880076178444142</y> </point>
   <point> <id>8</id> <x>1360.9895867287234523</x> <y>2212.6202026633063724</y> </point>
   <point> <id>9</id> <x>1330.9331979924265852</x> <y>2325.4355976183273924</y> </point>
   <point> <id>10</id> <x>1276.2285980380318051</x> <y>2390.6473743176088647</y> </point>
   <point> <id>11</id> <x>1329.1259194929143632</x> <y>2503.4906975816420527</y> </point>
   <point> <id>12</id> <x>1283.2880362360804156</x> <y>2618.0965136089762382</y> </point>
   <point> <id>C</id> <x>1173.9508711710018360</x> <y>2639.3794490328550637</y> </point>
</adjusted>

<orientation-shifts>
   <orientation> <id>B</id> <approx>274.879665</approx> <adj>274.879678</adj> </orientation>
   <orientation> <id>1</id> <approx>261.469734</approx> <adj>261.469762</adj> </orientation>
   <orientation> <id>2</id> <approx>241.706933</approx> <adj>241.706952</adj> </orientation>
   <orientation> <id>3</id> <approx>306.461515</approx> <adj>306.461513</adj> </orientation>
   <orientation> <id>4</id> <approx>269.186302</approx> <adj>269.186275</adj> </orientation>
   <orientation> <id>5</id> <approx>358.779639</approx> <adj>358.779594</adj> </orientation>
   <orientation> <id>6</id> <approx>393.370622</approx> <adj>393.370591</adj> </orientation>
   <orientation> <id>7</id> <approx>292.006875</approx> <adj>292.006873</adj> </orientation>
   <orientation> <id>8</id> <approx>243.434315</approx> <adj>243.434319</adj> </orientation>
   <orientation> <id>9</id> <approx>316.567865</approx> <adj>316.567859</adj> </orientation>
   <orientation> <id>10</id> <approx>344.429867</approx> <adj>344.429864</adj> </orientation>
   <orientation> <id>11</id> <approx>272.081758</approx> <adj>272.081753</adj> </orientation>
   <orientation> <id>12</id> <approx>324.209856</approx> <adj>324.209838</adj> </orientation>
   <orientation> <id>C</id> <approx>387.755208</approx> <adj>387.755180</adj> </orientation>
</orientation-shifts>

<!-- upper part of symmetric matrix band by rows -->
<cov-mat>
<dim>40</dim> <band>39</band>
<flt>2.0146741e+02</flt> <flt>-1.2927265e+02</flt> <flt>2.9091276e+02</flt>
<flt>-2.4543687e+02</flt> <flt>3.9100763e+02</flt> <flt>-2.3426614e+02</flt>
<flt>4.2355064e+02</flt> <flt>-2.5071744e+02</flt> <flt>4.3821817e+02</flt>
<flt>-2.2972079e+02</flt> <flt>4.3645840e+02</flt> <flt>-2.4072544e+02</flt>
<flt>3.5055661e+02</flt> <flt>-2.2902004e+02</flt> <flt>2.3189220e+02</flt>
<flt>-8.2695445e+01</flt> <flt>1.0999690e+02</flt> <flt>-1.1411006e+02</flt>
<flt>5.3722787e+01</flt> <flt>-1.5996314e+02</flt> <flt>-2.3364244e+01</flt>
<flt>-1.2314275e+02</flt> <flt>-4.1764391e+01</flt> <flt>-1.2937287e+02</flt>
<flt>-3.3357586e+01</flt> <flt>-8.2629992e+01</flt> <flt>-7.8757388e+02</flt>
<flt>-1.2758442e+03</flt> <flt>-7.8484192e+02</flt> <flt>-4.4985204e+02</flt>
<flt>-2.3532476e+02</flt> <flt>-4.7007271e+01</flt> <flt>2.8149891e+02</flt>
<flt>6.2910957e+02</flt> <flt>7.2583202e+02</flt> <flt>6.1461386e+02</flt>
<flt>4.8961969e+02</flt> <flt>2.6821384e+02</flt> <flt>-8.5679553e+01</flt>
<flt>-3.5997523e+02</flt> <flt>1.0289381e+02</flt> <flt>-1.9057183e+02</flt>
<flt>1.8249334e+02</flt> <flt>-2.5890856e+02</flt> <flt>1.7484204e+02</flt>
<flt>-2.8104803e+02</flt> <flt>1.8601367e+02</flt> <flt>-2.9118863e+02</flt>
<flt>1.7147475e+02</flt> <flt>-2.8999256e+02</flt> <flt>1.7882186e+02</flt>
<flt>-2.3058097e+02</flt> <flt>1.7071115e+02</flt> <flt>-1.4850988e+02</flt>
<flt>6.9500106e+01</flt> <flt>-6.5103241e+01</flt> <flt>9.0970739e+01</flt>
<flt>-2.7239976e+01</flt> <flt>1.2177715e+02</flt> <flt>2.3483908e+01</flt>
<flt>9.7512733e+01</flt> <flt>3.2300725e+01</flt> <flt>1.0024052e+02</flt>
<flt>2.5538378e+01</flt> <flt>6.3000826e+01</flt> <flt>5.4271645e+02</flt>
<flt>8.7731207e+02</flt> <flt>5.3707830e+02</flt> <flt>3.0672149e+02</flt>
<flt>1.6101909e+02</flt> <flt>3.3381282e+01</flt> <flt>-1.9386280e+02</flt>
<flt>-4.3512699e+02</flt> <flt>-4.9946903e+02</flt> <flt>-4.1732486e+02</flt>
<flt>-3.2612921e+02</flt> <flt>-1.6733351e+02</flt> <flt>8.4425795e+01</flt>
<flt>2.7924770e+02</flt> <flt>5.4087752e+02</flt> <flt>-4.9743893e+02</flt>
<flt>8.2921783e+02</flt> <flt>-4.6599666e+02</flt> <flt>9.3501638e+02</flt>
<flt>-5.2025146e+02</flt> <flt>9.9025338e+02</flt> <flt>-4.4373978e+02</flt>
<flt>9.8930050e+02</flt> <flt>-4.3996839e+02</flt> <flt>8.2243410e+02</flt>
<flt>-4.1708480e+02</flt> <flt>5.7344596e+02</flt> <flt>-1.1012210e+02</flt>
<flt>3.0766574e+02</flt> <flt>-1.7866719e+02</flt> <flt>1.7952646e+02</flt>
<flt>-2.8324190e+02</flt> <flt>-5.6379402e+00</flt> <flt>-1.9501827e+02</flt>
<flt>-7.0804692e+01</flt> <flt>-2.1866556e+02</flt> <flt>-5.8181638e+01</flt>
<flt>-1.4598859e+02</flt> <flt>-1.1445502e+03</flt> <flt>-2.4621541e+03</flt>
<flt>-2.1717091e+03</flt> <flt>-1.3539336e+03</flt> <flt>-8.0225604e+02</flt>
<flt>-3.1392546e+02</flt> <flt>4.6731233e+02</flt> <flt>1.2816024e+03</flt>
<flt>1.5511046e+03</flt> <flt>1.3667684e+03</flt> <flt>1.1423145e+03</flt>
<flt>7.0254005e+02</flt> <flt>-3.2068512e+01</flt> <flt>-6.0624518e+02</flt>
<flt>5.2386536e+02</flt> <flt>-8.1070998e+02</flt> <flt>4.8982600e+02</flt>
<flt>-9.2839157e+02</flt> <flt>5.5029442e+02</flt> <flt>-9.9183354e+02</flt>
<flt>4.6282615e+02</flt> <flt>-9.9180580e+02</flt> <flt>4.4977310e+02</flt>
<flt>-8.2825020e+02</flt> <flt>4.2725864e+02</flt> <flt>-5.7776942e+02</flt>
<flt>1.1845450e+02</flt> <flt>-3.0922216e+02</flt> <flt>1.8767217e+02</flt>
<flt>-1.7948648e+02</flt> <flt>2.9349849e+02</flt> <flt>8.4164946e+00</flt>
<flt>2.0395596e+02</flt> <flt>7.3605782e+01</flt> <flt>2.2754229e+02</flt>
<flt>6.0358863e+01</flt> <flt>1.5140039e+02</flt> <flt>1.0063076e+03</flt>
<flt>2.4191713e+03</flt> <flt>2.3407810e+03</flt> <flt>1.4841198e+03</flt>
<flt>9.0250840e+02</flt> <flt>3.8717208e+02</flt> <flt>-4.2847423e+02</flt>
<flt>-1.2769471e+03</flt> <flt>-1.5636811e+03</flt> <flt>-1.3821121e+03</flt>
<flt>-1.1576594e+03</flt> <flt>-7.1029875e+02</flt> <flt>4.2132633e+01</flt>
<flt>6.3098603e+02</flt> <flt>1.7593896e+03</flt> <flt>-7.1327808e+02</flt>
<flt>2.1406443e+03</flt> <flt>-9.1116768e+02</flt> <flt>2.3604027e+03</flt>
<flt>-6.1338163e+02</flt> <flt>2.3707638e+03</flt> <flt>-4.8630355e+02</flt>
<flt>2.1017520e+03</flt> <flt>-4.4880769e+02</flt> <flt>1.6100546e+03</flt>
<flt>1.5702138e+02</flt> <flt>1.0334943e+03</flt> <flt>7.9381459e+00</flt>
<flt>7.2739531e+02</flt> <flt>-2.4286899e+02</flt> <flt>2.3733940e+02</flt>
<flt>-1.0480989e+01</flt> <flt>-3.9356071e+01</flt> <flt>-1.1628628e+02</flt>
<flt>-4.3878756e+01</flt> <flt>-1.2267937e+02</flt> <flt>-1.5435400e+03</flt>
<flt>-3.8899569e+03</flt> <flt>-5.1005253e+03</flt> <flt>-4.5599363e+03</flt>
<flt>-2.9921174e+03</flt> <flt>-1.5876239e+03</flt> <flt>3.7078928e+02</flt>
<flt>2.3569033e+03</flt> <flt>3.2083748e+03</flt> <flt>3.1033640e+03</flt>
<flt>2.8650144e+03</flt> <flt>2.1490922e+03</flt> <flt>7.8424850e+02</flt>
<flt>-3.0700430e+02</flt> <flt>4.7653321e+02</flt> <flt>-8.0177766e+02</flt>
<flt>5.2176318e+02</flt> <flt>-8.4779566e+02</flt> <flt>4.5768419e+02</flt>
<flt>-8.4651193e+02</flt> <flt>4.5809198e+02</flt> <flt>-6.9182457e+02</flt>
<flt>4.3685217e+02</flt> <flt>-4.6458348e+02</flt> <flt>1.5665408e+02</flt>
<flt>-2.2708279e+02</flt> <flt>2.1780791e+02</flt> <flt>-1.1578600e+02</flt>
<flt>3.0845064e+02</flt> <flt>3.9579156e+01</flt> <flt>2.3426987e+02</flt>
<flt>8.0067422e+01</flt> <flt>2.4820226e+02</flt> <flt>6.4197495e+01</flt>
<flt>1.5944574e+02</flt> <flt>9.6173321e+02</flt> <flt>2.2637760e+03</flt>
<flt>2.0304464e+03</flt> <flt>1.1462052e+03</flt> <flt>6.7061605e+02</flt>
<flt>2.5111699e+02</flt> <flt>-4.4557026e+02</flt> <flt>-1.1766203e+03</flt>
<flt>-1.4013693e+03</flt> <flt>-1.2053397e+03</flt> <flt>-9.7643807e+02</flt>
<flt>-5.5000796e+02</flt> <flt>1.4733810e+02</flt> <flt>6.9022085e+02</flt>
<flt>2.8045714e+03</flt> <flt>-1.1404445e+03</flt> <flt>3.2013602e+03</flt>
<flt>-6.0629036e+02</flt> <flt>3.2284815e+03</flt> <flt>-3.0895286e+02</flt>
<flt>2.9698736e+03</flt> <flt>-2.7185698e+02</flt> <flt>2.3689930e+03</flt>
<flt>4.6820892e+02</flt> <flt>1.6160027e+03</flt> <flt>2.7340415e+02</flt>
<flt>1.1939943e+03</flt> <flt>-7.2814665e+01</flt> <flt>4.8415156e+02</flt>
<flt>2.6319361e+02</flt> <flt>2.4574278e+01</flt> <flt>8.5651470e+01</flt>
<flt>-2.9363439e+00</flt> <flt>-3.2970351e+01</flt> <flt>-1.6731136e+03</flt>
<flt>-4.4204894e+03</flt> <flt>-6.3171695e+03</flt> <flt>-6.7028846e+03</flt>
<flt>-5.2660204e+03</flt> <flt>-3.0729153e+03</flt> <flt>-1.9734989e+02</flt>
<flt>2.6788650e+03</flt> <flt>4.0567230e+03</flt> <flt>4.1616572e+03</flt>
<flt>4.0470275e+03</flt> <flt>3.2763035e+03</flt> <flt>1.6181928e+03</flt>
<flt>2.6849286e+02</flt> <flt>6.5453849e+02</flt> <flt>-1.2793730e+03</flt>
<flt>4.6638171e+02</flt> <flt>-1.2868949e+03</flt> <flt>3.7726755e+02</flt>
<flt>-1.1373823e+03</flt> <flt>3.5618513e+02</flt> <flt>-8.5247550e+02</flt>
<flt>5.0789089e+00</flt> <flt>-5.2285480e+02</flt> <flt>9.0083167e+01</flt>
<flt>-3.5154836e+02</flt> <flt>2.3008809e+02</flt> <flt>-8.3033768e+01</flt>
<flt>1.0254177e+02</flt> <flt>4.9831003e+01</flt> <flt>1.5266216e+02</flt>
<flt>4.5114563e+01</flt> <flt>1.1807694e+02</flt> <flt>1.0271976e+03</flt>
<flt>2.5361348e+03</flt> <flt>2.6626810e+03</flt> <flt>2.2666572e+03</flt>
<flt>1.8626154e+03</flt> <flt>1.0312238e+03</flt> <flt>-1.4769906e+02</flt>
<flt>-1.3476044e+03</flt> <flt>-1.8464370e+03</flt> <flt>-1.7553371e+03</flt>
<flt>-1.5865292e+03</flt> <flt>-1.1253760e+03</flt> <flt>-2.6654411e+02</flt>
<flt>4.1755063e+02</flt> <flt>3.8462280e+03</flt> <flt>-4.3379883e+02</flt>
<flt>3.8996259e+03</flt> <flt>1.2326179e+02</flt> <flt>3.7506863e+03</flt>
<flt>1.4699055e+02</flt> <flt>3.1230034e+03</flt> <flt>9.1960255e+02</flt>
<flt>2.2562166e+03</flt> <flt>6.9528489e+02</flt> <flt>1.7365809e+03</flt>
<flt>2.6844860e+02</flt> <flt>8.1321195e+02</flt> <flt>7.0474602e+02</flt>
<flt>1.3820615e+02</flt> <flt>4.4195644e+02</flt> <flt>7.5099184e+01</flt>
<flt>1.4531162e+02</flt> <flt>-1.7318176e+03</flt> <flt>-4.7022759e+03</flt>
<flt>-7.0274339e+03</flt> <flt>-8.0305791e+03</flt> <flt>-7.3824410e+03</flt>
<flt>-5.1707444e+03</flt> <flt>-1.3333598e+03</flt> <flt>2.4504093e+03</flt>
<flt>4.4628691e+03</flt> <flt>4.9556302e+03</flt> <flt>5.1230163e+03</flt>
<flt>4.4762934e+03</flt> <flt>2.7344419e+03</flt> <flt>1.2771458e+03</flt>
<flt>7.0604230e+02</flt> <flt>-4.0627799e+02</flt> <flt>9.6306902e+02</flt>
<flt>-1.0780118e+02</flt> <flt>9.2378490e+02</flt> <flt>1.4549050e+02</flt>
<flt>6.1099102e+02</flt> <flt>3.2762760e+02</flt> <flt>6.5773496e+02</flt>
<flt>3.7070101e+02</flt> <flt>6.9182247e+02</flt> <flt>3.5712551e+02</flt>
<flt>6.9674475e+02</flt> <flt>2.0313263e+02</flt> <flt>6.3331061e+02</flt>
<flt>1.5057381e+02</flt> <flt>3.5926816e+02</flt> <flt>9.4312018e+02</flt>
<flt>2.1468135e+03</flt> <flt>1.7022116e+03</flt> <flt>4.8914330e+02</flt>
<flt>-9.5565708e+02</flt> <flt>-1.7601671e+03</flt> <flt>-1.6697540e+03</flt>
<flt>-1.6733654e+03</flt> <flt>-1.3301478e+03</flt> <flt>-7.1798354e+02</flt>
<flt>-1.6860072e+02</flt> <flt>4.6620100e+02</flt> <flt>1.2268525e+03</flt>
<flt>1.7779573e+03</flt> <flt>3.9732873e+03</flt> <flt>2.1378758e+02</flt>
<flt>3.8602783e+03</flt> <flt>2.3304757e+02</flt> <flt>3.2394287e+03</flt>
<flt>9.9714369e+02</flt> <flt>2.3618799e+03</flt> <flt>7.7008855e+02</flt>
<flt>1.8285420e+03</flt> <flt>3.3197803e+02</flt> <flt>8.7097025e+02</flt>
<flt>7.8432216e+02</flt> <flt>1.5903390e+02</flt> <flt>5.0691262e+02</flt>
<flt>8.9528296e+01</flt> <flt>1.7829561e+02</flt> <flt>-1.7248130e+03</flt>
<flt>-4.6999940e+03</flt> <flt>-7.0656767e+03</flt> <flt>-8.1436927e+03</flt>
<flt>-7.6024385e+03</flt> <flt>-5.5150837e+03</flt> <flt>-1.6402320e+03</flt>
<flt>2.3252963e+03</flt> <flt>4.4709670e+03</flt> <flt>5.0522577e+03</flt>
<flt>5.2858641e+03</flt> <flt>4.6752154e+03</flt> <flt>2.9300448e+03</flt>
<flt>1.4609430e+03</flt> <flt>1.8511268e+03</flt> <flt>8.7599893e+02</flt>
<flt>1.7664854e+03</flt> <flt>1.2142850e+03</flt> <flt>1.3480332e+03</flt>
<flt>1.3126408e+03</flt> <flt>1.3736015e+03</flt> <flt>1.2335224e+03</flt>
<flt>1.3071751e+03</flt> <flt>9.0501356e+02</flt> <flt>1.4597890e+03</flt>
<flt>4.0384030e+02</flt> <flt>1.2588386e+03</flt> <flt>2.9004082e+02</flt>
<flt>6.7851567e+02</flt> <flt>9.8667503e+02</flt> <flt>2.1065117e+03</flt>
<flt>1.2530984e+03</flt> <flt>-6.8480130e+02</flt> <flt>-3.1515415e+03</flt>
<flt>-5.1440529e+03</flt> <flt>-4.7085404e+03</flt> <flt>-2.9908802e+03</flt>
<flt>-1.3699799e+03</flt> <flt>1.0925902e+02</flt> <flt>1.3114900e+03</flt>
<flt>2.3176194e+03</flt> <flt>3.0823871e+03</flt> <flt>3.5474370e+03</flt>
<flt>4.3013103e+03</flt> <flt>8.2813939e+02</flt> <flt>3.8733086e+03</flt>
<flt>1.3538146e+03</flt> <flt>3.0109885e+03</flt> <flt>1.1326768e+03</flt>
<flt>2.4070975e+03</flt> <flt>6.3837265e+02</flt> <flt>1.2162911e+03</flt>
<flt>1.2004564e+03</flt> <flt>2.6484597e+02</flt> <flt>8.2937662e+02</flt>
<flt>1.6043798e+02</flt> <flt>3.3294493e+02</flt> <flt>-1.3809658e+03</flt>
<flt>-3.9168288e+03</flt> <flt>-6.3244669e+03</flt> <flt>-7.8906388e+03</flt>
<flt>-8.2441954e+03</flt> <flt>-7.2587940e+03</flt> <flt>-4.3776456e+03</flt>
<flt>1.1583384e+02</flt> <flt>3.8038530e+03</flt> <flt>5.3451758e+03</flt>
<flt>6.2814079e+03</flt> <flt>5.9967528e+03</flt> <flt>4.0830049e+03</flt>
<flt>2.3788202e+03</flt> <flt>1.7040034e+03</flt> <flt>1.1431177e+03</flt>
<flt>1.3143618e+03</flt> <flt>1.2397093e+03</flt> <flt>1.3392044e+03</flt>
<flt>1.1689641e+03</flt> <flt>1.2793999e+03</flt> <flt>8.6808977e+02</flt>
<flt>1.4189922e+03</flt> <flt>3.9377991e+02</flt> <flt>1.2284962e+03</flt>
<flt>2.8349076e+02</flt> <flt>6.6470408e+02</flt> <flt>9.3979263e+02</flt>
<flt>1.9989089e+03</flt> <flt>1.1491896e+03</flt> <flt>-7.2619359e+02</flt>
<flt>-3.0773615e+03</flt> <flt>-4.9281705e+03</flt> <flt>-4.3678342e+03</flt>
<flt>-2.7184035e+03</flt> <flt>-1.2895539e+03</flt> <flt>7.4511643e+01</flt>
<flt>1.1935608e+03</flt> <flt>2.1652609e+03</flt> <flt>2.9597682e+03</flt>
<flt>3.4607042e+03</flt> <flt>3.7901903e+03</flt> <flt>1.2603227e+03</flt>
<flt>3.1110917e+03</flt> <flt>1.0897944e+03</flt> <flt>2.5350719e+03</flt>
<flt>6.2176712e+02</flt> <flt>1.2831816e+03</flt> <flt>1.2128666e+03</flt>
<flt>2.6567255e+02</flt> <flt>8.1741608e+02</flt> <flt>1.5808523e+02</flt>
<flt>3.1581396e+02</flt> <flt>-9.0597620e+02</flt> <flt>-2.7326483e+03</flt>
<flt>-4.8972994e+03</flt> <flt>-6.6535663e+03</flt> <flt>-7.5924428e+03</flt>
<flt>-7.3945327e+03</flt> <flt>-5.1982853e+03</flt> <flt>-1.5220407e+03</flt>
<flt>2.2000016e+03</flt> <flt>4.6839491e+03</flt> <flt>6.3111224e+03</flt>
<flt>6.3509954e+03</flt> <flt>4.2807666e+03</flt> <flt>2.3530610e+03</flt>
<flt>1.4425556e+03</flt> <flt>1.1294379e+03</flt> <flt>1.4045718e+03</flt>
<flt>1.0227949e+03</flt> <flt>1.3110750e+03</flt> <flt>7.9369814e+02</flt>
<flt>1.4165405e+03</flt> <flt>3.9625632e+02</flt> <flt>1.2542505e+03</flt>
<flt>2.8888907e+02</flt> <flt>6.9170438e+02</flt> <flt>3.5406708e+02</flt>
<flt>5.3900254e+02</flt> <flt>-6.0908749e+02</flt> <flt>-2.2485192e+03</flt>
<flt>-3.8764768e+03</flt> <flt>-4.7554017e+03</flt> <flt>-3.3514328e+03</flt>
<flt>-6.9618694e+02</flt> <flt>6.9330291e+02</flt> <flt>9.0172237e+02</flt>
<flt>1.1743935e+03</flt> <flt>1.7512048e+03</flt> <flt>2.7436127e+03</flt>
<flt>3.5234735e+03</flt> <flt>2.9304063e+03</flt> <flt>1.0889366e+03</flt>
<flt>2.5086348e+03</flt> <flt>7.5235096e+02</flt> <flt>1.3362560e+03</flt>
<flt>1.3056667e+03</flt> <flt>3.0132787e+02</flt> <flt>9.0443706e+02</flt>
<flt>1.8523783e+02</flt> <flt>3.6960791e+02</flt> <flt>-4.1973821e+02</flt>
<flt>-1.4655179e+03</flt> <flt>-3.1966801e+03</flt> <flt>-4.8971068e+03</flt>
<flt>-6.1585949e+03</flt> <flt>-6.5315340e+03</flt> <flt>-4.9759842e+03</flt>
<flt>-2.1588809e+03</flt> <flt>2.0240307e+02</flt> <flt>2.5217778e+03</flt>
<flt>5.3284505e+03</flt> <flt>6.1733968e+03</flt> <flt>4.4258530e+03</flt>
<flt>2.6022698e+03</flt> <flt>1.4152934e+03</flt> <flt>1.0232326e+03</flt>
<flt>1.3566563e+03</flt> <flt>8.1406869e+02</flt> <flt>1.4526235e+03</flt>
<flt>4.0898540e+02</flt> <flt>1.2875688e+03</flt> <flt>2.9849010e+02</flt>
<flt>7.1167711e+02</flt> <flt>4.7933298e+02</flt> <flt>8.6570444e+02</flt>
<flt>-1.6930037e+02</flt> <flt>-1.7933739e+03</flt> <flt>-3.5047945e+03</flt>
<flt>-4.5333062e+03</flt> <flt>-3.3011743e+03</flt> <flt>-8.7699429e+02</flt>
<flt>1.5270067e+02</flt> <flt>3.2390582e+02</flt> <flt>9.1692646e+02</flt>
<flt>1.7157550e+03</flt> <flt>2.8036992e+03</flt> <flt>3.6183413e+03</flt>
<flt>2.2784983e+03</flt> <flt>8.3619056e+02</flt> <flt>1.2835639e+03</flt>
<flt>1.3054613e+03</flt> <flt>3.1639287e+02</flt> <flt>9.3130468e+02</flt>
<flt>2.0040503e+02</flt> <flt>4.0153987e+02</flt> <flt>-1.9646493e+02</flt>
<flt>-8.5379835e+02</flt> <flt>-2.2813801e+03</flt> <flt>-3.8215432e+03</flt>
<flt>-5.0932529e+03</flt> <flt>-5.6277742e+03</flt> <flt>-4.3868733e+03</flt>
<flt>-2.0491836e+03</flt> <flt>-3.2498643e+02</flt> <flt>1.1782233e+03</flt>
<flt>3.9185248e+03</flt> <flt>5.4837574e+03</flt> <flt>4.2234273e+03</flt>
<flt>2.6769214e+03</flt> <flt>1.4376067e+03</flt> <flt>7.7544909e+02</flt>
<flt>1.4632515e+03</flt> <flt>4.2475193e+02</flt> <flt>1.3198968e+03</flt>
<flt>3.1352852e+02</flt> <flt>7.4399874e+02</flt> <flt>6.6117505e+02</flt>
<flt>1.3648177e+03</flt> <flt>5.8090462e+02</flt> <flt>-9.0883397e+02</flt>
<flt>-2.6265022e+03</flt> <flt>-3.7881713e+03</flt> <flt>-2.8218686e+03</flt>
<flt>-8.0290424e+02</flt> <flt>-3.0481855e+02</flt> <flt>-8.1077574e+02</flt>
<flt>-2.6648427e+02</flt> <flt>1.1452699e+03</flt> <flt>2.6531111e+03</flt>
<flt>3.7084453e+03</flt> <flt>8.9412874e+02</flt> <flt>9.6506635e+02</flt>
<flt>2.6583324e+02</flt> <flt>7.2538725e+02</flt> <flt>1.7780499e+02</flt>
<flt>3.4497912e+02</flt> <flt>1.0724428e+02</flt> <flt>3.1485062e+01</flt>
<flt>-7.9688530e+02</flt> <flt>-1.8794137e+03</flt> <flt>-2.9199361e+03</flt>
<flt>-3.4962600e+03</flt> <flt>-2.7217678e+03</flt> <flt>-1.1900993e+03</flt>
<flt>-3.5706596e+02</flt> <flt>8.9659060e+01</flt> <flt>1.3499621e+03</flt>
<flt>2.8401052e+03</flt> <flt>2.8490286e+03</flt> <flt>2.0894264e+03</flt>
<flt>1.6348946e+03</flt> <flt>4.5181200e+02</flt> <flt>1.4270011e+03</flt>
<flt>3.2655648e+02</flt> <flt>7.7628991e+02</flt> <flt>5.1604124e+02</flt>
<flt>9.4298946e+02</flt> <flt>-1.2271820e+02</flt> <flt>-1.8257455e+03</flt>
<flt>-3.6490935e+03</flt> <flt>-4.7885268e+03</flt> <flt>-3.6037830e+03</flt>
<flt>-1.2080314e+03</flt> <flt>-2.8957000e+02</flt> <flt>-2.9476433e+02</flt>
<flt>9.4832771e+02</flt> <flt>2.4013132e+03</flt> <flt>3.3216564e+03</flt>
<flt>4.0135924e+03</flt> <flt>1.8974284e+02</flt> <flt>4.2458499e+02</flt>
<flt>1.4561753e+02</flt> <flt>2.7137325e+02</flt> <flt>1.7357296e+02</flt>
<flt>3.4158093e+02</flt> <flt>7.3947926e+01</flt> <flt>-3.9110494e+02</flt>
<flt>-9.0871748e+02</flt> <flt>-1.2470040e+03</flt> <flt>-9.3736608e+02</flt>
<flt>-2.9918990e+02</flt> <flt>-1.0002400e+02</flt> <flt>-1.8392354e+02</flt>
<flt>6.5206298e+01</flt> <flt>3.5452649e+02</flt> <flt>6.6211493e+02</flt>
<flt>1.2259557e+03</flt> <flt>1.3167454e+03</flt> <flt>3.1603763e+02</flt>
<flt>7.5246651e+02</flt> <flt>5.3801711e+02</flt> <flt>1.0553914e+03</flt>
<flt>2.1127901e+02</flt> <flt>-1.2444378e+03</flt> <flt>-2.8561919e+03</flt>
<flt>-3.8979454e+03</flt> <flt>-2.9004388e+03</flt> <flt>-8.6442625e+02</flt>
<flt>-1.9672713e+02</flt> <flt>-4.0731707e+02</flt> <flt>4.3764718e+02</flt>
<flt>1.4181504e+03</flt> <flt>2.4678920e+03</flt> <flt>3.6964791e+03</flt>
<flt>1.2939678e+02</flt> <flt>2.3463139e+02</flt> <flt>1.3814624e+02</flt>
<flt>2.8047391e+02</flt> <flt>9.9280531e+01</flt> <flt>-2.3273134e+02</flt>
<flt>-6.1020666e+02</flt> <flt>-8.6198495e+02</flt> <flt>-6.4380191e+02</flt>
<flt>-1.9081647e+02</flt> <flt>-6.6749767e+01</flt> <flt>-1.5787033e+02</flt>
<flt>-1.3208698e+01</flt> <flt>1.5353219e+02</flt> <flt>3.2434327e+02</flt>
<flt>9.0821408e+02</flt> <flt>5.6844974e+02</flt> <flt>3.4171419e+02</flt>
<flt>7.0372891e+02</flt> <flt>2.9132741e+02</flt> <flt>-4.8543657e+02</flt>
<flt>-1.3761410e+03</flt> <flt>-1.9719084e+03</flt> <flt>-1.4516368e+03</flt>
<flt>-3.7661673e+02</flt> <flt>-9.1236002e+01</flt> <flt>-3.2490687e+02</flt>
<flt>-3.3570165e+00</flt> <flt>3.6486733e+02</flt> <flt>7.3528272e+02</flt>
<flt>2.0841718e+03</flt> <flt>7.8951108e+03</flt> <flt>5.0974070e+03</flt>
<flt>3.1308159e+03</flt> <flt>1.7924110e+03</flt> <flt>9.3870319e+02</flt>
<flt>1.8979034e+02</flt> <flt>-1.1252311e+03</flt> <flt>-2.5182357e+03</flt>
<flt>-2.9006124e+03</flt> <flt>-2.4456438e+03</flt> <flt>-1.9364249e+03</flt>
<flt>-1.0395671e+03</flt> <flt>3.9010709e+02</flt> <flt>1.4976350e+03</flt>
<flt>1.6322763e+04</flt> <flt>1.0708285e+04</flt> <flt>6.7362604e+03</flt>
<flt>4.0472541e+03</flt> <flt>1.6657165e+03</flt> <flt>-2.1218472e+03</flt>
<flt>-6.0653614e+03</flt> <flt>-7.3856374e+03</flt> <flt>-6.5197350e+03</flt>
<flt>-5.4567848e+03</flt> <flt>-3.3547673e+03</flt> <flt>1.6963539e+02</flt>
<flt>2.9262452e+03</flt> <flt>2.0996681e+04</flt> <flt>1.4437001e+04</flt>
<flt>9.5931736e+03</flt> <flt>5.2479568e+03</flt> <flt>-7.0874055e+02</flt>
<flt>-6.7272691e+03</flt> <flt>-9.3886042e+03</flt> <flt>-9.2143772e+03</flt>
<flt>-8.6212646e+03</flt> <flt>-6.6008554e+03</flt> <flt>-2.6433498e+03</flt>
<flt>5.3427831e+02</flt> <flt>2.4405605e+04</flt> <flt>1.7278006e+04</flt>
<flt>1.0825107e+04</flt> <flt>2.9847173e+03</flt> <flt>-4.7126987e+03</flt>
<flt>-8.9310742e+03</flt> <flt>-1.0154287e+04</flt> <flt>-1.0692845e+04</flt>
<flt>-9.6057436e+03</flt> <flt>-6.3357704e+03</flt> <flt>-3.5692586e+03</flt>
<flt>2.6837649e+04</flt> <flt>1.8246327e+04</flt> <flt>8.7849448e+03</flt>
<flt>-2.5792334e+02</flt> <flt>-6.1328405e+03</flt> <flt>-9.2014805e+03</flt>
<flt>-1.1297761e+04</flt> <flt>-1.1709653e+04</flt> <flt>-9.8895135e+03</flt>
<flt>-8.1034782e+03</flt> <flt>2.6648899e+04</flt> <flt>1.5704475e+04</flt>
<flt>5.4413655e+03</flt> <flt>-1.9832654e+03</flt> <flt>-6.8096115e+03</flt>
<flt>-1.0394015e+04</flt> <flt>-1.2252376e+04</flt> <flt>-1.1851235e+04</flt>
<flt>-1.1029820e+04</flt> <flt>2.2205150e+04</flt> <flt>1.0495745e+04</flt>
<flt>2.0323732e+03</flt> <flt>-3.4607069e+03</flt> <flt>-7.5382081e+03</flt>
<flt>-9.6445777e+03</flt> <flt>-9.1703028e+03</flt> <flt>-8.2211067e+03</flt>
<flt>1.6360908e+04</flt> <flt>7.0902307e+03</flt> <flt>1.3123177e+03</flt>
<flt>-2.9182878e+03</flt> <flt>-4.8881902e+03</flt> <flt>-3.8897266e+03</flt>
<flt>-2.4879003e+03</flt> <flt>1.5568416e+04</flt> <flt>8.2527228e+03</flt>
<flt>2.7013002e+03</flt> <flt>-6.1365570e+02</flt> <flt>-1.0184435e+03</flt>
<flt>-5.9119252e+02</flt> <flt>1.7424567e+04</flt> <flt>9.6532449e+03</flt>
<flt>3.8396999e+03</flt> <flt>5.1747025e+02</flt> <flt>-1.1535645e+03</flt>
<flt>1.8887098e+04</flt> <flt>1.0822375e+04</flt> <flt>4.8451101e+03</flt>
<flt>1.2590290e+03</flt> <flt>1.9114798e+04</flt> <flt>9.9572072e+03</flt>
<flt>4.0606485e+03</flt> <flt>1.5844681e+04</flt> <flt>7.0671740e+03</flt>
<flt>1.5165013e+04</flt> </cov-mat>

<!-- original indexes from the adjustment -->
<original-index>
<ind>2</ind>
<ind>3</ind>
<ind>5</ind>
<ind>6</ind>
<ind>8</ind>
<ind>9</ind>
<ind>11</ind>
<ind>12</ind>
<ind>14</ind>
<ind>15</ind>
<ind>17</ind>
<ind>18</ind>
<ind>20</ind>
<ind>21</ind>
<ind>23</ind>
<ind>24</ind>
<ind>26</ind>
<ind>27</ind>
<ind>29</ind>
<ind>30</ind>
<ind>32</ind>
<ind>33</ind>
<ind>35</ind>
<ind>36</ind>
<ind>38</ind>
<ind>39</ind>
<ind>1</ind>
<ind>4</ind>
<ind>7</ind>
<ind>10</ind>
<ind>13</ind>
<ind>16</ind>
<ind>19</ind>
<ind>22</ind>
<ind>25</ind>
<ind>28</ind>
<ind>31</ind>
<ind>34</ind>
<ind>37</ind>
<ind>40</ind>
</original-index>

</coordinates>

<observations>

<direction> <from>B</from> <to>A</to>
   <obs>0.0000000000000000</obs> <adj>399.9871384726596943</adj> <stdev>88.8544358070751485</stdev>
   <qrr>14.429</qrr> <f>8.802</f> <std-residual>3.218</std-residual>
   <err-obs>-764.229</err-obs> <err-adj>-635.613</err-adj>
   </direction>
<direction> <from>B</from> <to>1</to>
   <obs>186.5694444444444287</obs> <adj>186.5823059717847059</adj> <stdev>88.8544358070751485</stdev>
   <qrr>14.429</qrr> <f>8.802</f> <std-residual>3.218</std-residual>
   <err-obs>764.229</err-obs> <err-adj>635.613</err-adj>
   </direction>
<distance> <from>B</from> <to>A</to>
   <obs>130.0000000000000000</obs> <adj>130.0000000000000000</adj> <stdev>0.0000000000000000</stdev>
   <qrr>0.250</qrr> <f>100.000</f> <std-residual>0.000</std-residual>
   <err-obs>0.000</err-obs> <err-adj>0.000</err-adj>
   </distance>
<distance> <from>B</from> <to>1</to>
   <obs>96.6880000000000024</obs> <adj>96.6883341451349594</adj> <stdev>3.7191706812675491</stdev>
   <qrr>0.125</qrr> <f>29.310</f> <std-residual>0.090</std-residual>
   <err-obs>0.668</err-obs> <err-adj>0.334</err-adj>
   </distance>
<direction> <from>1</from> <to>B</to>
   <obs>0.0000000000000000</obs> <adj>399.9922217666577353</adj> <stdev>92.3484236680893247</stdev>
   <qrr>8.710</qrr> <f>5.216</f> <std-residual>2.505</std-residual>
   <err-obs>-765.585</err-obs> <err-adj>-687.803</err-adj>
   </direction>
<direction> <from>1</from> <to>2</to>
   <obs>180.2274691358024370</obs> <adj>180.2352473691446733</adj> <stdev>92.3484236680893389</stdev>
   <qrr>8.710</qrr> <f>5.216</f> <std-residual>2.505</std-residual>
   <err-obs>765.585</err-obs> <err-adj>687.803</err-adj>
   </direction>
<distance> <from>1</from> <to>B</to>
   <obs>96.6880000000000024</obs> <adj>96.6883341451349594</adj> <stdev>3.7191706812675491</stdev>
   <qrr>0.125</qrr> <f>29.310</f> <std-residual>0.090</std-residual>
   <err-obs>0.668</err-obs> <err-adj>0.334</err-adj>
   </distance>
<distance> <from>1</from> <to>2</to>
   <obs>95.5769999999999982</obs> <adj>95.5771691590544492</adj> <stdev>3.7198937619286072</stdev>
   <qrr>0.125</qrr> <f>29.296</f> <std-residual>0.045</std-residual>
   <err-obs>0.338</err-obs> <err-adj>0.169</err-adj>
   </distance>
<direction> <from>2</from> <to>1</to>
   <obs>0.0000000000000000</obs> <adj>399.9980573480549992</adj> <stdev>93.8527995442497627</stdev>
   <qrr>6.181</qrr> <f>3.672</f> <std-residual>0.743</std-residual>
   </direction>
<direction> <from>2</from> <to>3</to>
   <obs>264.7524691358024711</obs> <adj>264.7544117877474719</adj> <stdev>93.8527995442497627</stdev>
   <qrr>6.181</qrr> <f>3.672</f> <std-residual>0.743</std-residual>
   </direction>
<distance> <from>2</from> <to>1</to>
   <obs>95.5769999999999982</obs> <adj>95.5771691590544492</adj> <stdev>3.7198937619286037</stdev>
   <qrr>0.125</qrr> <f>29.296</f> <std-residual>0.045</std-residual>
   <err-obs>0.338</err-obs> <err-adj>0.169</err-adj>
   </distance>
<distance> <from>2</from> <to>3</to>
   <obs>108.0930000000000035</obs> <adj>108.0935710070786371</adj> <stdev>3.7174105064064418</stdev>
   <qrr>0.125</qrr> <f>29.343</f> <std-residual>0.153</std-residual>
   <err-obs>1.140</err-obs> <err-adj>0.569</err-adj>
   </distance>
<direction> <from>3</from> <to>2</to>
   <obs>0.0000000000000000</obs> <adj>399.9998515194623110</adj> <stdev>94.5312997000349782</stdev>
   <qrr>5.026</qrr> <f>2.976</f> <std-residual>0.063</std-residual>
   </direction>
<direction> <from>3</from> <to>4</to>
   <obs>162.7280864197530832</obs> <adj>162.7282349002907722</adj> <stdev>94.5312997000349355</stdev>
   <qrr>5.026</qrr> <f>2.976</f> <std-residual>0.063</std-residual>
   </direction>
<distance> <from>3</from> <to>2</to>
   <obs>108.0930000000000035</obs> <adj>108.0935710070786371</adj> <stdev>3.7174105064064444</stdev>
   <qrr>0.125</qrr> <f>29.343</f> <std-residual>0.153</std-residual>
   <err-obs>1.140</err-obs> <err-adj>0.569</err-adj>
   </distance>
<distance> <from>3</from> <to>4</to>
   <obs>75.7150000000000034</obs> <adj>75.7153907768070411</adj> <stdev>3.7188229893675384</stdev>
   <qrr>0.125</qrr> <f>29.317</f> <std-residual>0.105</std-residual>
   <err-obs>0.781</err-obs> <err-adj>0.390</err-adj>
   </distance>
<direction> <from>4</from> <to>3</to>
   <obs>0.0000000000000000</obs> <adj>0.0034728324825656</adj> <stdev>94.1230360289940364</stdev>
   <qrr>5.722</qrr> <f>3.395</f> <std-residual>1.380</std-residual>
   </direction>
<direction> <from>4</from> <to>5</to>
   <obs>289.5969135802469054</obs> <adj>289.5934407477643617</adj> <stdev>94.1230360289940791</stdev>
   <qrr>5.722</qrr> <f>3.395</f> <std-residual>1.380</std-residual>
   </direction>
<distance> <from>4</from> <to>3</to>
   <obs>75.7150000000000034</obs> <adj>75.7153907768070411</adj> <stdev>3.7188229893675140</stdev>
   <qrr>0.125</qrr> <f>29.317</f> <std-residual>0.105</std-residual>
   <err-obs>0.781</err-obs> <err-adj>0.390</err-adj>
   </distance>
<distance> <from>4</from> <to>5</to>
   <obs>99.2980000000000018</obs> <adj>99.2985016285355471</adj> <stdev>3.7181387117916493</stdev>
   <qrr>0.125</qrr> <f>29.330</f> <std-residual>0.135</std-residual>
   <err-obs>1.002</err-obs> <err-adj>0.500</err-adj>
   </distance>
<direction> <from>5</from> <to>4</to>
   <obs>0.0000000000000000</obs> <adj>0.0001211846953879</adj> <stdev>95.3368193559012553</stdev>
   <qrr>3.645</qrr> <f>2.149</f> <std-residual>0.060</std-residual>
   </direction>
<direction> <from>5</from> <to>6</to>
   <obs>234.5854938271604908</obs> <adj>234.5853726424651029</adj> <stdev>95.3368193559012127</stdev>
   <qrr>3.645</qrr> <f>2.149</f> <std-residual>0.060</std-residual>
   </direction>
<distance> <from>5</from> <to>4</to>
   <obs>99.2980000000000018</obs> <adj>99.2985016285355471</adj> <stdev>3.7181387117916378</stdev>
   <qrr>0.125</qrr> <f>29.330</f> <std-residual>0.135</std-residual>
   <err-obs>1.002</err-obs> <err-adj>0.500</err-adj>
   </distance>
<distance> <from>5</from> <to>6</to>
   <obs>101.0969999999999942</obs> <adj>101.0972674547116554</adj> <stdev>3.7196373715713200</stdev>
   <qrr>0.125</qrr> <f>29.301</f> <std-residual>0.072</std-residual>
   <err-obs>0.535</err-obs> <err-adj>0.267</err-adj>
   </distance>
<direction> <from>6</from> <to>5</to>
   <obs>0.0000000000000000</obs> <adj>399.9943757665786279</adj> <stdev>94.9585030031800983</stdev>
   <qrr>4.295</qrr> <f>2.537</f> <std-residual>2.579</std-residual>
   <err-obs>-1122.665</err-obs> <err-adj>-1066.423</err-adj>
   </direction>
<direction> <from>6</from> <to>7</to>
   <obs>98.6283950617283978</obs> <adj>98.6340192951497698</adj> <stdev>94.9585030031800557</stdev>
   <qrr>4.295</qrr> <f>2.537</f> <std-residual>2.579</std-residual>
   <err-obs>1122.665</err-obs> <err-adj>1066.423</err-adj>
   </direction>
<distance> <from>6</from> <to>5</to>
   <obs>101.0969999999999942</obs> <adj>101.0972674547116554</adj> <stdev>3.7196373715712747</stdev>
   <qrr>0.125</qrr> <f>29.301</f> <std-residual>0.072</std-residual>
   <err-obs>0.535</err-obs> <err-adj>0.267</err-adj>
   </distance>
<distance> <from>6</from> <to>7</to>
   <obs>111.9629999999999939</obs> <adj>111.9635216615385929</adj> <stdev>3.7178366123761455</stdev>
   <qrr>0.125</qrr> <f>29.335</f> <std-residual>0.140</std-residual>
   <err-obs>1.042</err-obs> <err-adj>0.520</err-adj>
   </distance>
<direction> <from>7</from> <to>6</to>
   <obs>0.0000000000000000</obs> <adj>399.9977371742605783</adj> <stdev>96.0551547973662991</stdev>
   <qrr>2.403</qrr> <f>1.411</f> <std-residual>1.387</std-residual>
   </direction>
<direction> <from>7</from> <to>8</to>
   <obs>151.4324074074073962</obs> <adj>151.4346702331467895</adj> <stdev>96.0551547973662991</stdev>
   <qrr>2.403</qrr> <f>1.411</f> <std-residual>1.387</std-residual>
   </direction>
<distance> <from>7</from> <to>6</to>
   <obs>111.9629999999999939</obs> <adj>111.9635216615385929</adj> <stdev>3.7178366123761619</stdev>
   <qrr>0.125</qrr> <f>29.335</f> <std-residual>0.140</std-residual>
   <err-obs>1.042</err-obs> <err-adj>0.520</err-adj>
   </distance>
<distance> <from>7</from> <to>8</to>
   <obs>156.7170000000000130</obs> <adj>156.7171845529891243</adj> <stdev>3.7198448721199631</stdev>
   <qrr>0.125</qrr> <f>29.297</f> <std-residual>0.050</std-residual>
   <err-obs>0.369</err-obs> <err-adj>0.184</err-adj>
   </distance>
<direction> <from>8</from> <to>7</to>
   <obs>0.0000000000000000</obs> <adj>0.0072242778444774</adj> <stdev>94.1094632178783854</stdev>
   <qrr>5.745</qrr> <f>3.408</f> <std-residual>2.864</std-residual>
   <err-obs>1078.127</err-obs> <err-adj>1005.884</err-adj>
   </direction>
<direction> <from>8</from> <to>9</to>
   <obs>273.1487654320987417</obs> <adj>273.1415411542542415</adj> <stdev>94.1094632178783712</stdev>
   <qrr>5.745</qrr> <f>3.408</f> <std-residual>2.864</std-residual>
   <err-obs>-1078.127</err-obs> <err-adj>-1005.884</err-adj>
   </direction>
<distance> <from>8</from> <to>7</to>
   <obs>156.7170000000000130</obs> <adj>156.7171845529891243</adj> <stdev>3.7198448721199515</stdev>
   <qrr>0.125</qrr> <f>29.297</f> <std-residual>0.050</std-residual>
   <err-obs>0.369</err-obs> <err-adj>0.184</err-adj>
   </distance>
<distance> <from>8</from> <to>9</to>
   <obs>116.7500000000000000</obs> <adj>116.7505881900590481</adj> <stdev>3.7172662287921949</stdev>
   <qrr>0.125</qrr> <f>29.346</f> <std-residual>0.158</std-residual>
   <err-obs>1.174</err-obs> <err-adj>0.586</err-adj>
   </distance>
<direction> <from>9</from> <to>8</to>
   <obs>0.0000000000000000</obs> <adj>0.0080014188164161</adj> <stdev>94.2018351816102779</stdev>
   <qrr>5.588</qrr> <f>3.314</f> <std-residual>3.217</std-residual>
   <err-obs>1227.677</err-obs> <err-adj>1147.663</err-adj>
   </direction>
<direction> <from>9</from> <to>10</to>
   <obs>227.8762345679012356</obs> <adj>227.8682331490848298</adj> <stdev>94.2018351816102353</stdev>
   <qrr>5.588</qrr> <f>3.314</f> <std-residual>3.217</std-residual>
   <err-obs>-1227.677</err-obs> <err-adj>-1147.663</err-adj>
   </direction>
<distance> <from>9</from> <to>8</to>
   <obs>116.7500000000000000</obs> <adj>116.7505881900590481</adj> <stdev>3.7172662287922038</stdev>
   <qrr>0.125</qrr> <f>29.346</f> <std-residual>0.158</std-residual>
   <err-obs>1.174</err-obs> <err-adj>0.586</err-adj>
   </distance>
<distance> <from>9</from> <to>10</to>
   <obs>85.1179999999999950</obs> <adj>85.1185589424961790</adj> <stdev>3.7176092003220802</stdev>
   <qrr>0.125</qrr> <f>29.340</f> <std-residual>0.150</std-residual>
   <err-obs>1.116</err-obs> <err-adj>0.557</err-adj>
   </distance>
<direction> <from>10</from> <to>9</to>
   <obs>0.0000000000000000</obs> <adj>0.0062287102416053</adj> <stdev>95.4328852586309324</stdev>
   <qrr>3.479</qrr> <f>2.050</f> <std-residual>3.173</std-residual>
   <err-obs>1534.822</err-obs> <err-adj>1472.535</err-adj>
   </direction>
<direction> <from>10</from> <to>11</to>
   <obs>127.6700617283950407</obs> <adj>127.6638330181534400</adj> <stdev>95.4328852586310177</stdev>
   <qrr>3.479</qrr> <f>2.050</f> <std-residual>3.173</std-residual>
   <err-obs>-1534.822</err-obs> <err-adj>-1472.535</err-adj>
   </direction>
<distance> <from>10</from> <to>9</to>
   <obs>85.1179999999999950</obs> <adj>85.1185589424961790</adj> <stdev>3.7176092003220775</stdev>
   <qrr>0.125</qrr> <f>29.340</f> <std-residual>0.150</std-residual>
   <err-obs>1.116</err-obs> <err-adj>0.557</err-adj>
   </distance>
<distance> <from>10</from> <to>11</to>
   <obs>124.6260000000000048</obs> <adj>124.6264106133697567</adj> <stdev>3.7186895281562160</stdev>
   <qrr>0.125</qrr> <f>29.319</f> <std-residual>0.110</std-residual>
   <err-obs>0.821</err-obs> <err-adj>0.410</err-adj>
   </distance>
<direction> <from>11</from> <to>10</to>
   <obs>0.0000000000000000</obs> <adj>0.0119438832033534</adj> <stdev>91.9876483900515467</stdev>
   <qrr>9.311</qrr> <f>5.586</f> <std-residual>3.720</std-residual>
   <err-obs>1099.761</err-obs> <err-adj>980.322</err-adj>
   </direction>
<direction> <from>11</from> <to>12</to>
   <obs>252.1518518518518590</obs> <adj>252.1399079686485152</adj> <stdev>91.9876483900515893</stdev>
   <qrr>9.311</qrr> <f>5.586</f> <std-residual>3.720</std-residual>
   <err-obs>-1099.761</err-obs> <err-adj>-980.322</err-adj>
   </direction>
<distance> <from>11</from> <to>10</to>
   <obs>124.6260000000000048</obs> <adj>124.6264106133697567</adj> <stdev>3.7186895281562018</stdev>
   <qrr>0.125</qrr> <f>29.319</f> <std-residual>0.110</std-residual>
   <err-obs>0.821</err-obs> <err-adj>0.410</err-adj>
   </distance>
<distance> <from>11</from> <to>12</to>
   <obs>123.4320000000000022</obs> <adj>123.4325913555967418</adj> <stdev>3.7172530352455366</stdev>
   <qrr>0.125</qrr> <f>29.346</f> <std-residual>0.159</std-residual>
   <err-obs>1.181</err-obs> <err-adj>0.589</err-adj>
   </distance>
<direction> <from>12</from> <to>11</to>
   <obs>0.0000000000000000</obs> <adj>0.0118224347585645</adj> <stdev>92.4542576172537167</stdev>
   <qrr>8.534</qrr> <f>5.107</f> <std-residual>3.846</std-residual>
   <err-obs>1187.729</err-obs> <err-adj>1069.504</err-adj>
   </direction>
<direction> <from>12</from> <to>C</to>
   <obs>263.5629629629629562</obs> <adj>263.5511405282043711</adj> <stdev>92.4542576172537167</stdev>
   <qrr>8.534</qrr> <f>5.107</f> <std-residual>3.846</std-residual>
   <err-obs>-1187.729</err-obs> <err-adj>-1069.504</err-adj>
   </direction>
<distance> <from>12</from> <to>11</to>
   <obs>123.4320000000000022</obs> <adj>123.4325913555967418</adj> <stdev>3.7172530352455353</stdev>
   <qrr>0.125</qrr> <f>29.346</f> <std-residual>0.159</std-residual>
   <err-obs>1.181</err-obs> <err-adj>0.589</err-adj>
   </distance>
<distance> <from>12</from> <to>C</to>
   <obs>111.3889999999999958</obs> <adj>111.3893127940000767</adj> <stdev>3.7194243533866245</stdev>
   <qrr>0.125</qrr> <f>29.305</f> <std-residual>0.084</std-residual>
   <err-obs>0.625</err-obs> <err-adj>0.313</err-adj>
   </distance>
<direction> <from>C</from> <to>12</to>
   <obs>0.0000000000000000</obs> <adj>0.0057988005563517</adj> <stdev>96.2374636170007989</stdev>
   <qrr>2.087</qrr> <f>1.224</f> <std-residual>3.815</std-residual>
   <err-obs>2382.703</err-obs> <err-adj>2324.715</err-adj>
   </direction>
<direction> <from>C</from> <to>D</to>
   <obs>186.6336419753086489</obs> <adj>186.6278431747522859</adj> <stdev>96.2374636170007989</stdev>
   <qrr>2.087</qrr> <f>1.224</f> <std-residual>3.815</std-residual>
   <err-obs>-2382.703</err-obs> <err-adj>-2324.715</err-adj>
   </direction>
<distance> <from>C</from> <to>12</to>
   <obs>111.3889999999999958</obs> <adj>111.3893127940000767</adj> <stdev>3.7194243533866223</stdev>
   <qrr>0.125</qrr> <f>29.305</f> <std-residual>0.084</std-residual>
   <err-obs>0.625</err-obs> <err-adj>0.313</err-adj>
   </distance>
<distance> <from>C</from> <to>D</to>
   <obs>126.4500000000000028</obs> <adj>126.4508212323673177</adj> <stdev>5.2572295872667514</stdev>
   <qrr>0.000</qrr> <f>0.076</f>
   </distance>

</observations>

</gama-local-adjustment>
