<?xml version="1.0"?>
<gama-local-adjustment xmlns="http://www.gnu.org/software/gama/gama-local-adjustment">

<description>
https://geodesist.ru/threads/koordinatnaja-privjazka-xod-bez-primychnyx-uglov.84895/#post-964096
</description>

<network-general-parameters
   gama-local-version="1.15"
   gama-local-algorithm="envelope"
   gama-local-compiler="g++ 4.7.2"
   axes-xy="ne"
   angles="left-handed"
/>

<network-processing-summary>

<coordinates-summary>
   <coordinates-summary-adjusted>    <count-xyz>0</count-xyz> <count-xy>12</count-xy> <count-z>0</count-z> </coordinates-summary-adjusted>
   <coordinates-summary-constrained> <count-xyz>0</count-xyz> <count-xy>0</count-xy> <count-z>0</count-z> </coordinates-summary-constrained>
   <coordinates-summary-fixed>       <count-xyz>0</count-xyz> <count-xy>2</count-xy> <count-z>0</count-z> </coordinates-summary-fixed>
</coordinates-summary>

<observations-summary>
   <distances>25</distances>
   <directions>24</directions>
   <angles>0</angles>
   <xyz-coords>0</xyz-coords>
   <h-diffs>0</h-diffs>
   <z-angles>0</z-angles>
   <s-dists>0</s-dists>
   <vectors>0</vectors>
   <azimuths>0</azimuths>
</observations-summary>

<project-equations>
   <equations>49</equations>
   <unknowns>36</unknowns>
   <degrees-of-freedom>13</degrees-of-freedom>
   <defect>0</defect>
   <sum-of-squares>3.2478711e-45</sum-of-squares>
   <connected-network/>
</project-equations>

<standard-deviation>
   <apriori>1.0000000e+01</apriori>
   <aposteriori>1.5806209e-23</aposteriori>
   <used>aposteriori</used>

   <probability>0.950</probability>
   <ratio>0.000</ratio>
   <lower>0.621</lower>
   <upper>1.379</upper>
   <failed/>

   <confidence-scale>2.1603688e+00</confidence-scale>
</standard-deviation>

</network-processing-summary>

<coordinates>

<fixed>
   <point> <id>A</id> <x>1200.000000</x> <y>1500.000000</y> </point>
   <point> <id>B</id> <x>1250.000000</x> <y>1620.000000</y> </point>
</fixed>

<approximate>
   <point> <id>1</id> <x>1305.052716</x> <y>1699.484387</y> </point>
   <point> <id>2</id> <x>1380.881732</x> <y>1757.664481</y> </point>
   <point> <id>3</id> <x>1370.005967</x> <y>1865.208957</y> </point>
   <point> <id>4</id> <x>1405.283525</x> <y>1932.203398</y> </point>
   <point> <id>5</id> <x>1326.119464</x> <y>1992.146240</y> </point>
   <point> <id>6</id> <x>1225.577387</x> <y>2002.724241</y> </point>
   <point> <id>7</id> <x>1239.688432</x> <y>2113.794452</y> </point>
   <point> <id>8</id> <x>1361.396463</x> <y>2212.523238</y> </point>
   <point> <id>9</id> <x>1331.410405</x> <y>2325.356739</y> </point>
   <point> <id>10</id> <x>1276.730339</x> <y>2390.588359</y> </point>
   <point> <id>11</id> <x>1329.647230</x> <y>2503.422053</y> </point>
   <point> <id>12</id> <x>1283.786617</x> <y>2618.018139</y> </point>
</approximate>

<!-- capital X,Y,Z denote constrained coordinates -->
<adjusted>
   <point> <id>1</id> <x>1305.0527161454583620</x> <y>1699.4843870770075682</y> </point>
   <point> <id>2</id> <x>1380.8817319452912216</x> <y>1757.6644806815104403</y> </point>
   <point> <id>3</id> <x>1370.0059669594500065</x> <y>1865.2089569923500676</y> </point>
   <point> <id>4</id> <x>1405.2835249024594759</x> <y>1932.2033980347052875</y> </point>
   <point> <id>5</id> <x>1326.1194642982181904</x> <y>1992.1462400815087221</y> </point>
   <point> <id>6</id> <x>1225.5773870009522852</x> <y>2002.7242409205434797</y> </point>
   <point> <id>7</id> <x>1239.6884321342038220</x> <y>2113.7944519325305919</y> </point>
   <point> <id>8</id> <x>1361.3964632540139519</x> <y>2212.5232382612366564</y> </point>
   <point> <id>9</id> <x>1331.4104053470762210</x> <y>2325.3567387440357379</y> </point>
   <point> <id>10</id> <x>1276.7303391304296838</x> <y>2390.5883590101548180</y> </point>
   <point> <id>11</id> <x>1329.6472298363357822</x> <y>2503.4220532420604286</y> </point>
   <point> <id>12</id> <x>1283.7866166814167173</x> <y>2618.0181386248295894</y> </point>
</adjusted>

<orientation-shifts>
   <orientation> <id>B</id> <approx>274.866817</approx> <adj>274.866817</adj> </orientation>
   <orientation> <id>1</id> <approx>261.436261</approx> <adj>261.436261</adj> </orientation>
   <orientation> <id>2</id> <approx>241.663730</approx> <adj>241.663730</adj> </orientation>
   <orientation> <id>3</id> <approx>306.416199</approx> <adj>306.416199</adj> </orientation>
   <orientation> <id>4</id> <approx>269.144286</approx> <adj>269.144286</adj> </orientation>
   <orientation> <id>5</id> <approx>358.741199</approx> <adj>358.741199</adj> </orientation>
   <orientation> <id>6</id> <approx>393.326693</approx> <adj>393.326693</adj> </orientation>
   <orientation> <id>7</id> <approx>291.955088</approx> <adj>291.955088</adj> </orientation>
   <orientation> <id>8</id> <approx>243.387496</approx> <adj>243.387496</adj> </orientation>
   <orientation> <id>9</id> <approx>316.536261</approx> <adj>316.536261</adj> </orientation>
   <orientation> <id>10</id> <approx>344.412496</approx> <adj>344.412496</adj> </orientation>
   <orientation> <id>11</id> <approx>272.082557</approx> <adj>272.082557</adj> </orientation>
</orientation-shifts>

<!-- upper part of symmetric matrix band by rows -->
<cov-mat>
<dim>36</dim> <band>35</band>
<flt>6.7791679e-46</flt> <flt>-4.4791048e-46</flt> <flt>1.1667199e-45</flt>
<flt>-1.0849919e-45</flt> <flt>2.0702603e-45</flt> <flt>-9.9361858e-46</flt>
<flt>2.6331176e-45</flt> <flt>-1.2900048e-45</flt> <flt>3.1367305e-45</flt>
<flt>-6.2490385e-46</flt> <flt>3.2256021e-45</flt> <flt>2.1980561e-46</flt>
<flt>4.1587642e-45</flt> <flt>1.0125093e-46</flt> <flt>4.9882392e-45</flt>
<flt>-9.2128538e-46</flt> <flt>5.9362157e-45</flt> <flt>-6.6935597e-46</flt>
<flt>6.4842625e-45</flt> <flt>-2.0995856e-46</flt> <flt>7.4322407e-45</flt>
<flt>-6.5454256e-46</flt> <flt>8.3950256e-45</flt> <flt>-2.6924225e-46</flt>
<flt>-2.6742970e-45</flt> <flt>-5.3485939e-45</flt> <flt>-5.3485939e-45</flt>
<flt>-5.3485939e-45</flt> <flt>-5.3485939e-45</flt> <flt>-5.3485939e-45</flt>
<flt>-5.3485939e-45</flt> <flt>-5.3485939e-45</flt> <flt>-5.3485939e-45</flt>
<flt>-5.3485939e-45</flt> <flt>-5.3485939e-45</flt> <flt>-5.3485939e-45</flt>
<flt>3.4146264e-46</flt> <flt>-7.8646673e-46</flt> <flt>7.8271988e-46</flt>
<flt>-1.4122797e-45</flt> <flt>7.1943263e-46</flt> <flt>-1.8021276e-45</flt>
<flt>9.2471655e-46</flt> <flt>-2.1509414e-45</flt> <flt>4.6405232e-46</flt>
<flt>-2.2124960e-45</flt> <flt>-1.2101289e-46</flt> <flt>-2.8588255e-45</flt>
<flt>-3.8899196e-47</flt> <flt>-3.4333390e-45</flt> <flt>6.6933299e-46</flt>
<flt>-4.0899294e-45</flt> <flt>4.9484088e-46</flt> <flt>-4.4695192e-45</flt>
<flt>1.7665167e-46</flt> <flt>-5.1261107e-45</flt> <flt>4.8458077e-46</flt>
<flt>-5.7929577e-45</flt> <flt>2.1771291e-46</flt> <flt>1.8522796e-45</flt>
<flt>3.7045593e-45</flt> <flt>3.7045593e-45</flt> <flt>3.7045593e-45</flt>
<flt>3.7045593e-45</flt> <flt>3.7045593e-45</flt> <flt>3.7045593e-45</flt>
<flt>3.7045593e-45</flt> <flt>3.7045593e-45</flt> <flt>3.7045593e-45</flt>
<flt>3.7045593e-45</flt> <flt>3.7045593e-45</flt> <flt>2.3907577e-45</flt>
<flt>-2.3411132e-45</flt> <flt>4.6170251e-45</flt> <flt>-2.1159751e-45</flt>
<flt>6.0038703e-45</flt> <flt>-2.8462523e-45</flt> <flt>7.2447410e-45</flt>
<flt>-1.2074850e-45</flt> <flt>7.4637152e-45</flt> <flt>8.7382641e-46</flt>
<flt>9.7629685e-45</flt> <flt>5.8171508e-46</flt> <flt>1.1806743e-44</flt>
<flt>-1.9377507e-45</flt> <flt>1.4142498e-44</flt> <flt>-1.3170123e-45</flt>
<flt>1.5492851e-44</flt> <flt>-1.8508572e-46</flt> <flt>1.7828610e-44</flt>
<flt>-1.2805130e-45</flt> <flt>2.0200852e-44</flt> <flt>-3.3115701e-46</flt>
<flt>-4.6317990e-45</flt> <flt>-1.1221100e-44</flt> <flt>-1.3178602e-44</flt>
<flt>-1.3178602e-44</flt> <flt>-1.3178602e-44</flt> <flt>-1.3178602e-44</flt>
<flt>-1.3178602e-44</flt> <flt>-1.3178602e-44</flt> <flt>-1.3178602e-44</flt>
<flt>-1.3178602e-44</flt> <flt>-1.3178602e-44</flt> <flt>-1.3178602e-44</flt>
<flt>2.4511150e-45</flt> <flt>-4.6909021e-45</flt> <flt>2.2134854e-45</flt>
<flt>-6.1546946e-45</flt> <flt>2.9842810e-45</flt> <flt>-7.4644134e-45</flt>
<flt>1.2545890e-45</flt> <flt>-7.6955370e-45</flt> <flt>-9.4220127e-46</flt>
<flt>-1.0122361e-44</flt> <flt>-6.3388254e-46</flt> <flt>-1.2279532e-44</flt>
<flt>2.0253724e-45</flt> <flt>-1.4744883e-44</flt> <flt>1.3701932e-45</flt>
<flt>-1.6170159e-44</flt> <flt>1.7546318e-46</flt> <flt>-1.8635514e-44</flt>
<flt>1.3316687e-45</flt> <flt>-2.1139377e-44</flt> <flt>3.2963904e-46</flt>
<flt>4.4035896e-45</flt> <flt>1.1358489e-44</flt> <flt>1.3909799e-44</flt>
<flt>1.3909799e-44</flt> <flt>1.3909799e-44</flt> <flt>1.3909799e-44</flt>
<flt>1.3909799e-44</flt> <flt>1.3909799e-44</flt> <flt>1.3909799e-44</flt>
<flt>1.3909799e-44</flt> <flt>1.3909799e-44</flt> <flt>1.3909799e-44</flt>
<flt>1.0511151e-44</flt> <flt>-4.0979987e-45</flt> <flt>1.4182679e-44</flt>
<flt>-6.0313311e-45</flt> <flt>1.7467754e-44</flt> <flt>-1.6928664e-45</flt>
<flt>1.8047465e-44</flt> <flt>3.8171878e-45</flt> <flt>2.4134497e-44</flt>
<flt>3.0438536e-45</flt> <flt>2.9545177e-44</flt> <flt>-3.6261681e-45</flt>
<flt>3.5728844e-44</flt> <flt>-1.9828283e-45</flt> <flt>3.9303762e-44</flt>
<flt>1.0138288e-45</flt> <flt>4.5487440e-44</flt> <flt>-1.8862001e-45</flt>
<flt>5.1767702e-44</flt> <flt>6.2712034e-46</flt> <flt>-8.2501935e-45</flt>
<flt>-2.2076283e-44</flt> <flt>-3.1270574e-44</flt> <flt>-3.4888969e-44</flt>
<flt>-3.4888969e-44</flt> <flt>-3.4888969e-44</flt> <flt>-3.4888969e-44</flt>
<flt>-3.4888969e-44</flt> <flt>-3.4888969e-44</flt> <flt>-3.4888969e-44</flt>
<flt>-3.4888969e-44</flt> <flt>-3.4888969e-44</flt> <flt>2.0442767e-45</flt>
<flt>-5.3307457e-45</flt> <flt>2.6934097e-45</flt> <flt>-6.4337380e-45</flt>
<flt>1.2367328e-45</flt> <flt>-6.6283810e-45</flt> <flt>-6.1331530e-46</flt>
<flt>-8.6721545e-45</flt> <flt>-3.5366170e-46</flt> <flt>-1.0488837e-44</flt>
<flt>1.8858555e-45</flt> <flt>-1.2565056e-44</flt> <flt>1.3340900e-45</flt>
<flt>-1.3765366e-44</flt> <flt>3.2793661e-46</flt> <flt>-1.5841589e-44</flt>
<flt>1.3016463e-45</flt> <flt>-1.7950241e-44</flt> <flt>4.5777730e-46</flt>
<flt>4.0376683e-45</flt> <flt>1.0260725e-44</flt> <flt>1.2080193e-44</flt>
<flt>1.1714272e-44</flt> <flt>1.1714272e-44</flt> <flt>1.1714272e-44</flt>
<flt>1.1714272e-44</flt> <flt>1.1714272e-44</flt> <flt>1.1714272e-44</flt>
<flt>1.1714272e-44</flt> <flt>1.1714272e-44</flt> <flt>1.1714272e-44</flt>
<flt>1.9758632e-44</flt> <flt>-8.2504551e-45</flt> <flt>2.4741613e-44</flt>
<flt>-1.6696347e-45</flt> <flt>2.5620951e-44</flt> <flt>6.6883165e-45</flt>
<flt>3.4854094e-44</flt> <flt>5.5152810e-45</flt> <flt>4.3061308e-44</flt>
<flt>-4.6021724e-45</flt> <flt>5.2441032e-44</flt> <flt>-2.1094648e-45</flt>
<flt>5.7863664e-44</flt> <flt>2.4360284e-45</flt> <flt>6.7243404e-44</flt>
<flt>-1.9628939e-45</flt> <flt>7.6769649e-44</flt> <flt>1.8494479e-45</flt>
<flt>-1.0504259e-44</flt> <flt>-2.8838481e-44</flt> <flt>-4.2540903e-44</flt>
<flt>-5.0667429e-44</flt> <flt>-5.2921494e-44</flt> <flt>-5.2921494e-44</flt>
<flt>-5.2921494e-44</flt> <flt>-5.2921494e-44</flt> <flt>-5.2921494e-44</flt>
<flt>-5.2921494e-44</flt> <flt>-5.2921494e-44</flt> <flt>-5.2921494e-44</flt>
<flt>3.8931731e-45</flt> <flt>-1.0247522e-44</flt> <flt>1.2557291e-45</flt>
<flt>-1.0599940e-44</flt> <flt>-2.0939487e-45</flt> <flt>-1.4300375e-44</flt>
<flt>-1.6238226e-45</flt> <flt>-1.7589641e-44</flt> <flt>2.4310239e-45</flt>
<flt>-2.1348822e-44</flt> <flt>1.4320031e-45</flt> <flt>-2.3522090e-44</flt>
<flt>-3.8972777e-46</flt> <flt>-2.7281278e-44</flt> <flt>1.3732608e-45</flt>
<flt>-3.1099182e-44</flt> <flt>-1.5463957e-46</flt> <flt>5.2246017e-45</flt>
<flt>1.3821525e-44</flt> <flt>1.8014859e-44</flt> <flt>2.0022805e-44</flt>
<flt>2.1209738e-44</flt> <flt>2.1209738e-44</flt> <flt>2.1209738e-44</flt>
<flt>2.1209738e-44</flt> <flt>2.1209738e-44</flt> <flt>2.1209738e-44</flt>
<flt>2.1209738e-44</flt> <flt>2.1209738e-44</flt> <flt>3.1643433e-44</flt>
<flt>-1.1738143e-45</flt> <flt>3.2857881e-44</flt> <flt>1.0369309e-44</flt>
<flt>4.5609727e-44</flt> <flt>8.7492354e-45</flt> <flt>5.6944669e-44</flt>
<flt>-5.2239270e-45</flt> <flt>6.9898956e-44</flt> <flt>-1.7812613e-45</flt>
<flt>7.7388125e-44</flt> <flt>4.4964957e-45</flt> <flt>9.0342435e-44</flt>
<flt>-1.5788331e-45</flt> <flt>1.0349908e-43</flt> <flt>3.6863724e-45</flt>
<flt>-1.2521070e-44</flt> <flt>-3.4888913e-44</flt> <flt>-5.2624956e-44</flt>
<flt>-6.4785104e-44</flt> <flt>-7.1072791e-44</flt> <flt>-7.3089601e-44</flt>
<flt>-7.3089601e-44</flt> <flt>-7.3089601e-44</flt> <flt>-7.3089601e-44</flt>
<flt>-7.3089601e-44</flt> <flt>-7.3089601e-44</flt> <flt>-7.3089601e-44</flt>
<flt>1.9417684e-45</flt> <flt>-1.0836656e-45</flt> <flt>2.7986168e-45</flt>
<flt>-1.3709344e-46</flt> <flt>2.6783584e-45</flt> <flt>7.0430154e-46</flt>
<flt>1.6411277e-45</flt> <flt>1.6659009e-45</flt> <flt>1.8966775e-45</flt>
<flt>2.2218235e-45</flt> <flt>2.3626766e-45</flt> <flt>3.1834245e-45</flt>
<flt>1.9117038e-45</flt> <flt>4.1600452e-45</flt> <flt>2.3025410e-45</flt>
<flt>2.5610822e-45</flt> <flt>5.8309671e-45</flt> <flt>4.6972624e-45</flt>
<flt>1.3781689e-45</flt> <flt>-2.7619366e-45</flt> <flt>-5.4254560e-45</flt>
<flt>-5.4254560e-45</flt> <flt>-5.4254560e-45</flt> <flt>-5.4254560e-45</flt>
<flt>-5.4254560e-45</flt> <flt>-5.4254560e-45</flt> <flt>-5.4254560e-45</flt>
<flt>3.4174181e-44</flt> <flt>1.1130705e-44</flt> <flt>4.7671154e-44</flt>
<flt>9.4159666e-45</flt> <flt>5.9668428e-44</flt> <flt>-5.3736875e-45</flt>
<flt>7.3379671e-44</flt> <flt>-1.7298571e-45</flt> <flt>8.1306454e-44</flt>
<flt>4.9147271e-45</flt> <flt>9.5017721e-44</flt> <flt>-1.5156005e-45</flt>
<flt>1.0894315e-43</flt> <flt>4.0572660e-45</flt> <flt>-1.2876973e-44</flt>
<flt>-3.5956621e-44</flt> <flt>-5.4404470e-44</flt> <flt>-6.7276423e-44</flt>
<flt>-7.4275916e-44</flt> <flt>-7.7004532e-44</flt> <flt>-7.7360435e-44</flt>
<flt>-7.7360435e-44</flt> <flt>-7.7360435e-44</flt> <flt>-7.7360435e-44</flt>
<flt>-7.7360435e-44</flt> <flt>-7.7360435e-44</flt> <flt>1.0066790e-44</flt>
<flt>1.9159578e-44</flt> <flt>9.0467525e-45</flt> <flt>2.6296333e-44</flt>
<flt>2.4890905e-46</flt> <flt>3.4452669e-44</flt> <flt>2.4164952e-45</flt>
<flt>3.9168032e-44</flt> <flt>6.3691240e-45</flt> <flt>4.7324381e-44</flt>
<flt>2.5439489e-45</flt> <flt>5.5608127e-44</flt> <flt>5.8590506e-45</flt>
<flt>-8.2171257e-46</flt> <flt>-4.3174173e-45</flt> <flt>-1.2216712e-44</flt>
<flt>-2.2301395e-44</flt> <flt>-3.3207090e-44</flt> <flt>-4.2636199e-44</flt>
<flt>-4.6018994e-44</flt> <flt>-4.6018994e-44</flt> <flt>-4.6018994e-44</flt>
<flt>-4.6018994e-44</flt> <flt>-4.6018994e-44</flt> <flt>-4.6018994e-44</flt>
<flt>7.0296524e-44</flt> <flt>1.6289079e-44</flt> <flt>9.0407463e-44</flt>
<flt>-8.5027060e-45</flt> <flt>1.1339152e-43</flt> <flt>-2.3945806e-45</flt>
<flt>1.2667912e-43</flt> <flt>8.7436857e-45</flt> <flt>1.4966322e-43</flt>
<flt>-2.0354238e-45</flt> <flt>1.7300631e-43</flt> <flt>7.3063301e-45</flt>
<flt>-1.6613992e-44</flt> <flt>-4.7167680e-44</flt> <flt>-7.3089569e-44</flt>
<flt>-9.3435562e-44</flt> <flt>-1.0790909e-43</flt> <flt>-1.1811175e-43</flt>
<flt>-1.2594169e-43</flt> <flt>-1.2967871e-43</flt> <flt>-1.2967871e-43</flt>
<flt>-1.2967871e-43</flt> <flt>-1.2967871e-43</flt> <flt>-1.2967871e-43</flt>
<flt>8.2047794e-45</flt> <flt>2.2395024e-44</flt> <flt>6.7766840e-46</flt>
<flt>2.9373284e-44</flt> <flt>2.5321753e-45</flt> <flt>3.3407576e-44</flt>
<flt>5.9138990e-45</flt> <flt>4.0385848e-44</flt> <flt>2.6412200e-45</flt>
<flt>4.7473116e-44</flt> <flt>5.4774990e-45</flt> <flt>-3.4693851e-46</flt>
<flt>-2.8930952e-45</flt> <flt>-9.8428414e-45</flt> <flt>-1.8977976e-44</flt>
<flt>-2.8934123e-44</flt> <flt>-3.7413684e-44</flt> <flt>-3.9846931e-44</flt>
<flt>-3.9372157e-44</flt> <flt>-3.9372157e-44</flt> <flt>-3.9372157e-44</flt>
<flt>-3.9372157e-44</flt> <flt>-3.9372157e-44</flt> <flt>1.1877967e-43</flt>
<flt>-1.2542347e-44</flt> <flt>1.5118369e-43</flt> <flt>-3.9308186e-45</flt>
<flt>1.6991720e-43</flt> <flt>1.1772445e-44</flt> <flt>2.0232128e-43</flt>
<flt>-3.4244621e-45</flt> <flt>2.3523149e-43</flt> <flt>9.7459916e-45</flt>
<flt>-1.9935778e-44</flt> <flt>-5.7133037e-44</flt> <flt>-8.9698497e-44</flt>
<flt>-1.1668806e-43</flt> <flt>-1.3780516e-43</flt> <flt>-1.5465139e-43</flt>
<flt>-1.6912491e-43</flt> <flt>-1.7950550e-43</flt> <flt>-1.8282728e-43</flt>
<flt>-1.8282728e-43</flt> <flt>-1.8282728e-43</flt> <flt>-1.8282728e-43</flt>
<flt>5.6887708e-45</flt> <flt>-1.7176567e-44</flt> <flt>4.4572041e-45</flt>
<flt>-1.9855715e-44</flt> <flt>2.2114223e-45</flt> <flt>-2.4489942e-44</flt>
<flt>4.3847882e-45</flt> <flt>-2.9196554e-44</flt> <flt>2.5012328e-45</flt>
<flt>3.7479967e-45</flt> <flt>9.3917106e-45</flt> <flt>1.0631835e-44</flt>
<flt>9.6865704e-45</flt> <flt>7.9202939e-45</flt> <flt>7.6306035e-45</flt>
<flt>1.3387227e-44</flt> <flt>2.2051872e-44</flt> <flt>2.6146807e-44</flt>
<flt>2.6146807e-44</flt> <flt>2.6146807e-44</flt> <flt>2.6146807e-44</flt>
<flt>1.9570123e-43</flt> <flt>-5.3541114e-45</flt> <flt>2.2143664e-43</flt>
<flt>1.6218465e-44</flt> <flt>2.6595220e-43</flt> <flt>-4.6584971e-45</flt>
<flt>3.1116306e-43</flt> <flt>1.3434597e-44</flt> <flt>-2.3732125e-44</flt>
<flt>-6.8522077e-44</flt> <flt>-1.0868023e-43</flt> <flt>-1.4326249e-43</flt>
<flt>-1.7197228e-43</flt> <flt>-1.9641121e-43</flt> <flt>-2.1847741e-43</flt>
<flt>-2.3645070e-43</flt> <flt>-2.4736518e-43</flt> <flt>-2.5116152e-43</flt>
<flt>-2.5116152e-43</flt> <flt>-2.5116152e-43</flt> <flt>4.1101866e-45</flt>
<flt>-6.1724679e-45</flt> <flt>3.4242036e-45</flt> <flt>-7.5880111e-45</flt>
<flt>4.0880669e-45</flt> <flt>-9.0256643e-45</flt> <flt>3.5127274e-45</flt>
<flt>2.7390989e-45</flt> <flt>6.3650172e-45</flt> <flt>5.5873458e-45</flt>
<flt>2.6242858e-45</flt> <flt>-1.1597863e-45</flt> <flt>-3.4672724e-45</flt>
<flt>2.7155583e-46</flt> <flt>6.9184048e-45</flt> <flt>8.9955444e-45</flt>
<flt>7.9866466e-45</flt> <flt>7.9866466e-45</flt> <flt>7.9866466e-45</flt>
<flt>2.5168268e-43</flt> <flt>1.9154938e-44</flt> <flt>3.0397815e-43</flt>
<flt>-5.3706569e-45</flt> <flt>3.5709044e-43</flt> <flt>1.5884538e-44</flt>
<flt>-2.5926879e-44</flt> <flt>-7.5106341e-44</flt> <flt>-1.1965400e-43</flt>
<flt>-1.5862577e-43</flt> <flt>-1.9172508e-43</flt> <flt>-2.2055351e-43</flt>
<flt>-2.4700922e-43</flt> <flt>-2.6937202e-43</flt> <flt>-2.8467600e-43</flt>
<flt>-2.9286186e-43</flt> <flt>-2.9505661e-43</flt> <flt>-2.9505661e-43</flt>
<flt>5.9169163e-45</flt> <flt>2.4260865e-44</flt> <flt>3.5223321e-45</flt>
<flt>2.9446543e-44</flt> <flt>5.5976070e-45</flt> <flt>8.9935731e-46</flt>
<flt>8.4579230e-46</flt> <flt>-3.6113623e-45</flt> <flt>-1.0253906e-44</flt>
<flt>-1.7717461e-44</flt> <flt>-2.3704430e-44</flt> <flt>-2.3645085e-44</flt>
<flt>-2.0677720e-44</flt> <flt>-2.2280063e-44</flt> <flt>-2.6968444e-44</flt>
<flt>-2.8808186e-44</flt> <flt>-2.8808186e-44</flt> <flt>3.7108218e-43</flt>
<flt>-7.1950262e-45</flt> <flt>4.3922863e-43</flt> <flt>2.0076739e-44</flt>
<flt>-2.9723233e-44</flt> <flt>-8.6495401e-44</flt> <flt>-1.3863577e-43</flt>
<flt>-1.8520024e-43</flt> <flt>-2.2589225e-43</flt> <flt>-2.6231339e-43</flt>
<flt>-2.9636181e-43</flt> <flt>-3.2631731e-43</flt> <flt>-3.4921401e-43</flt>
<flt>-3.6499257e-43</flt> <flt>-3.7478003e-43</flt> <flt>-3.7857638e-43</flt>
<flt>4.4091567e-45</flt> <flt>-9.0600841e-45</flt> <flt>3.6627726e-45</flt>
<flt>2.6797759e-45</flt> <flt>6.1870481e-45</flt> <flt>5.2907307e-45</flt>
<flt>2.2090245e-45</flt> <flt>-1.6936936e-45</flt> <flt>-4.1198257e-45</flt>
<flt>-4.9964360e-46</flt> <flt>6.0285593e-45</flt> <flt>7.9870529e-45</flt>
<flt>6.8595090e-45</flt> <flt>8.5806045e-45</flt> <flt>1.0361023e-44</flt>
<flt>5.2403644e-43</flt> <flt>2.4866959e-44</flt> <flt>-3.3578882e-44</flt>
<flt>-9.8062350e-44</flt> <flt>-1.5791402e-43</flt> <flt>-2.1218979e-43</flt>
<flt>-2.6059310e-43</flt> <flt>-3.0472554e-43</flt> <flt>-3.4648526e-43</flt>
<flt>-3.8415206e-43</flt> <flt>-4.1476006e-43</flt> <flt>-4.3824992e-43</flt>
<flt>-4.5574868e-43</flt> <flt>-4.6725633e-43</flt> <flt>5.6110170e-45</flt>
<flt>1.1367697e-45</flt> <flt>1.5580296e-45</flt> <flt>-2.4243001e-45</flt>
<flt>-8.5920186e-45</flt> <flt>-1.5580749e-44</flt> <flt>-2.1092893e-44</flt>
<flt>-2.0558724e-44</flt> <flt>-1.7116533e-44</flt> <flt>-1.8244052e-44</flt>
<flt>-2.2457608e-44</flt> <flt>-2.3822525e-44</flt> <flt>-2.5128119e-44</flt>
<flt>2.1419431e-44</flt> <flt>2.1419431e-44</flt> <flt>2.1419431e-44</flt>
<flt>2.1419431e-44</flt> <flt>2.1419431e-44</flt> <flt>2.1419431e-44</flt>
<flt>2.1419431e-44</flt> <flt>2.1419431e-44</flt> <flt>2.1419431e-44</flt>
<flt>2.1419431e-44</flt> <flt>2.1419431e-44</flt> <flt>2.1419431e-44</flt>
<flt>6.4258292e-44</flt> <flt>6.4258292e-44</flt> <flt>6.4258292e-44</flt>
<flt>6.4258292e-44</flt> <flt>6.4258292e-44</flt> <flt>6.4258292e-44</flt>
<flt>6.4258292e-44</flt> <flt>6.4258292e-44</flt> <flt>6.4258292e-44</flt>
<flt>6.4258292e-44</flt> <flt>6.4258292e-44</flt> <flt>1.0709715e-43</flt>
<flt>1.0709715e-43</flt> <flt>1.0709715e-43</flt> <flt>1.0709715e-43</flt>
<flt>1.0709715e-43</flt> <flt>1.0709715e-43</flt> <flt>1.0709715e-43</flt>
<flt>1.0709715e-43</flt> <flt>1.0709715e-43</flt> <flt>1.0709715e-43</flt>
<flt>1.4993602e-43</flt> <flt>1.4993602e-43</flt> <flt>1.4993602e-43</flt>
<flt>1.4993602e-43</flt> <flt>1.4993602e-43</flt> <flt>1.4993602e-43</flt>
<flt>1.4993602e-43</flt> <flt>1.4993602e-43</flt> <flt>1.4993602e-43</flt>
<flt>1.9277488e-43</flt> <flt>1.9277488e-43</flt> <flt>1.9277488e-43</flt>
<flt>1.9277488e-43</flt> <flt>1.9277488e-43</flt> <flt>1.9277488e-43</flt>
<flt>1.9277488e-43</flt> <flt>1.9277488e-43</flt> <flt>2.3561374e-43</flt>
<flt>2.3561374e-43</flt> <flt>2.3561374e-43</flt> <flt>2.3561374e-43</flt>
<flt>2.3561374e-43</flt> <flt>2.3561374e-43</flt> <flt>2.3561374e-43</flt>
<flt>2.7845260e-43</flt> <flt>2.7845260e-43</flt> <flt>2.7845260e-43</flt>
<flt>2.7845260e-43</flt> <flt>2.7845260e-43</flt> <flt>2.7845260e-43</flt>
<flt>3.2129146e-43</flt> <flt>3.2129146e-43</flt> <flt>3.2129146e-43</flt>
<flt>3.2129146e-43</flt> <flt>3.2129146e-43</flt> <flt>3.6413032e-43</flt>
<flt>3.6413032e-43</flt> <flt>3.6413032e-43</flt> <flt>3.6413032e-43</flt>
<flt>4.0696919e-43</flt> <flt>4.0696919e-43</flt> <flt>4.0696919e-43</flt>
<flt>4.4980805e-43</flt> <flt>4.4980805e-43</flt> <flt>4.9264691e-43</flt>
</cov-mat>

<!-- original indexes from the adjustment -->
<original-index>
<ind>2</ind>
<ind>3</ind>
<ind>5</ind>
<ind>6</ind>
<ind>8</ind>
<ind>9</ind>
<ind>11</ind>
<ind>12</ind>
<ind>14</ind>
<ind>15</ind>
<ind>17</ind>
<ind>18</ind>
<ind>20</ind>
<ind>21</ind>
<ind>23</ind>
<ind>24</ind>
<ind>26</ind>
<ind>27</ind>
<ind>29</ind>
<ind>30</ind>
<ind>32</ind>
<ind>33</ind>
<ind>35</ind>
<ind>36</ind>
<ind>1</ind>
<ind>4</ind>
<ind>7</ind>
<ind>10</ind>
<ind>13</ind>
<ind>16</ind>
<ind>19</ind>
<ind>22</ind>
<ind>25</ind>
<ind>28</ind>
<ind>31</ind>
<ind>34</ind>
</original-index>

</coordinates>

<observations>

<direction> <from>B</from> <to>A</to>
   <obs>0.0000000000000000</obs> <adj>0.0000000000000000</adj> <stdev>0.0000000000000000</stdev>
   <qrr>0.000</qrr> <f>0.000</f>
   </direction>
<direction> <from>B</from> <to>1</to>
   <obs>186.5694444444444287</obs> <adj>186.5694444444444287</adj> <stdev>0.0000000000000000</stdev>
   <qrr>0.000</qrr> <f>0.000</f>
   </direction>
<distance> <from>B</from> <to>A</to>
   <obs>130.0000000000000000</obs> <adj>130.0000000000000000</adj> <stdev>0.0000000000000000</stdev>
   <qrr>0.250</qrr> <f>100.000</f> <std-residual>0.000</std-residual>
   <err-obs>0.000</err-obs> <err-adj>0.000</err-adj>
   </distance>
<distance> <from>B</from> <to>1</to>
   <obs>96.6880000000000024</obs> <adj>96.6880000000000024</adj> <stdev>0.0000000000000000</stdev>
   <qrr>0.125</qrr> <f>29.289</f> <std-residual>0.042</std-residual>
   <err-obs>-0.000</err-obs> <err-adj>-0.000</err-adj>
   </distance>
<direction> <from>1</from> <to>B</to>
   <obs>0.0000000000000000</obs> <adj>0.0000000000000000</adj> <stdev>0.0000000000000000</stdev>
   <qrr>0.000</qrr> <f>0.000</f>
   </direction>
<direction> <from>1</from> <to>2</to>
   <obs>180.2274691358024370</obs> <adj>180.2274691358024370</adj> <stdev>0.0000000000000000</stdev>
   <qrr>0.000</qrr> <f>0.000</f>
   </direction>
<distance> <from>1</from> <to>B</to>
   <obs>96.6880000000000024</obs> <adj>96.6880000000000024</adj> <stdev>0.0000000000000000</stdev>
   <qrr>0.125</qrr> <f>29.289</f> <std-residual>0.039</std-residual>
   <err-obs>-0.000</err-obs> <err-adj>-0.000</err-adj>
   </distance>
<distance> <from>1</from> <to>2</to>
   <obs>95.5769999999999982</obs> <adj>95.5769999999999982</adj> <stdev>0.0000000000000000</stdev>
   <qrr>0.125</qrr> <f>29.289</f> <std-residual>0.050</std-residual>
   <err-obs>-0.000</err-obs> <err-adj>-0.000</err-adj>
   </distance>
<direction> <from>2</from> <to>1</to>
   <obs>0.0000000000000000</obs> <adj>0.0000000000000000</adj> <stdev>0.0000000000000000</stdev>
   <qrr>0.000</qrr> <f>0.000</f>
   </direction>
<direction> <from>2</from> <to>3</to>
   <obs>264.7524691358024711</obs> <adj>264.7524691358024711</adj> <stdev>0.0000000000000000</stdev>
   <qrr>0.000</qrr> <f>0.000</f>
   </direction>
<distance> <from>2</from> <to>1</to>
   <obs>95.5769999999999982</obs> <adj>95.5769999999999982</adj> <stdev>0.0000000000000000</stdev>
   <qrr>0.125</qrr> <f>29.289</f> <std-residual>0.049</std-residual>
   <err-obs>-0.000</err-obs> <err-adj>-0.000</err-adj>
   </distance>
<distance> <from>2</from> <to>3</to>
   <obs>108.0930000000000035</obs> <adj>108.0930000000000035</adj> <stdev>0.0000000000000000</stdev>
   <qrr>0.125</qrr> <f>29.289</f> <std-residual>0.012</std-residual>
   <err-obs>-0.000</err-obs> <err-adj>-0.000</err-adj>
   </distance>
<direction> <from>3</from> <to>2</to>
   <obs>0.0000000000000000</obs> <adj>0.0000000000000000</adj> <stdev>0.0000000000000000</stdev>
   <qrr>0.000</qrr> <f>0.000</f>
   </direction>
<direction> <from>3</from> <to>4</to>
   <obs>162.7280864197530832</obs> <adj>162.7280864197530832</adj> <stdev>0.0000000000000000</stdev>
   <qrr>0.000</qrr> <f>0.000</f>
   </direction>
<distance> <from>3</from> <to>2</to>
   <obs>108.0930000000000035</obs> <adj>108.0930000000000035</adj> <stdev>0.0000000000000000</stdev>
   <qrr>0.125</qrr> <f>29.289</f> <std-residual>0.013</std-residual>
   <err-obs>-0.000</err-obs> <err-adj>-0.000</err-adj>
   </distance>
<distance> <from>3</from> <to>4</to>
   <obs>75.7150000000000034</obs> <adj>75.7150000000000034</adj> <stdev>0.0000000000000000</stdev>
   <qrr>0.125</qrr> <f>29.289</f> <std-residual>0.033</std-residual>
   <err-obs>-0.000</err-obs> <err-adj>-0.000</err-adj>
   </distance>
<direction> <from>4</from> <to>3</to>
   <obs>0.0000000000000000</obs> <adj>0.0000000000000000</adj> <stdev>0.0000000000000000</stdev>
   <qrr>0.000</qrr> <f>0.000</f>
   </direction>
<direction> <from>4</from> <to>5</to>
   <obs>289.5969135802469054</obs> <adj>289.5969135802469054</adj> <stdev>0.0000000000000000</stdev>
   <qrr>0.000</qrr> <f>0.000</f>
   </direction>
<distance> <from>4</from> <to>3</to>
   <obs>75.7150000000000034</obs> <adj>75.7150000000000034</adj> <stdev>0.0000000000000000</stdev>
   <qrr>0.125</qrr> <f>29.289</f> <std-residual>0.038</std-residual>
   <err-obs>-0.000</err-obs> <err-adj>-0.000</err-adj>
   </distance>
<distance> <from>4</from> <to>5</to>
   <obs>99.2980000000000018</obs> <adj>99.2980000000000018</adj> <stdev>0.0000000000000000</stdev>
   <qrr>0.125</qrr> <f>29.289</f> <std-residual>0.037</std-residual>
   <err-obs>0.000</err-obs> <err-adj>0.000</err-adj>
   </distance>
<direction> <from>5</from> <to>4</to>
   <obs>0.0000000000000000</obs> <adj>0.0000000000000000</adj> <stdev>0.0000000000000000</stdev>
   <qrr>0.000</qrr> <f>0.000</f>
   </direction>
<direction> <from>5</from> <to>6</to>
   <obs>234.5854938271604908</obs> <adj>234.5854938271604908</adj> <stdev>0.0000000000000000</stdev>
   <qrr>0.000</qrr> <f>0.000</f>
   </direction>
<distance> <from>5</from> <to>4</to>
   <obs>99.2980000000000018</obs> <adj>99.2980000000000018</adj> <stdev>0.0000000000000000</stdev>
   <qrr>0.125</qrr> <f>29.289</f> <std-residual>0.032</std-residual>
   <err-obs>0.000</err-obs> <err-adj>0.000</err-adj>
   </distance>
<distance> <from>5</from> <to>6</to>
   <obs>101.0969999999999942</obs> <adj>101.0969999999999942</adj> <stdev>0.0000000000000000</stdev>
   <qrr>0.125</qrr> <f>29.289</f> <std-residual>0.056</std-residual>
   <err-obs>0.000</err-obs> <err-adj>0.000</err-adj>
   </distance>
<direction> <from>6</from> <to>5</to>
   <obs>0.0000000000000000</obs> <adj>0.0000000000000000</adj> <stdev>0.0000000000000000</stdev>
   <qrr>0.000</qrr> <f>0.000</f>
   </direction>
<direction> <from>6</from> <to>7</to>
   <obs>98.6283950617283978</obs> <adj>98.6283950617283978</adj> <stdev>0.0000000000000000</stdev>
   <qrr>0.000</qrr> <f>0.000</f>
   </direction>
<distance> <from>6</from> <to>5</to>
   <obs>101.0969999999999942</obs> <adj>101.0969999999999942</adj> <stdev>0.0000000000000000</stdev>
   <qrr>0.125</qrr> <f>29.289</f> <std-residual>0.065</std-residual>
   <err-obs>0.000</err-obs> <err-adj>0.000</err-adj>
   </distance>
<distance> <from>6</from> <to>7</to>
   <obs>111.9629999999999939</obs> <adj>111.9629999999999939</adj> <stdev>0.0000000000000000</stdev>
   <qrr>0.125</qrr> <f>29.289</f> <std-residual>0.009</std-residual>
   <err-obs>-0.000</err-obs> <err-adj>-0.000</err-adj>
   </distance>
<direction> <from>7</from> <to>6</to>
   <obs>0.0000000000000000</obs> <adj>0.0000000000000000</adj> <stdev>0.0000000000000000</stdev>
   <qrr>0.000</qrr> <f>0.000</f>
   </direction>
<direction> <from>7</from> <to>8</to>
   <obs>151.4324074074073962</obs> <adj>151.4324074074073962</adj> <stdev>0.0000000000000000</stdev>
   <qrr>0.000</qrr> <f>0.000</f>
   </direction>
<distance> <from>7</from> <to>6</to>
   <obs>111.9629999999999939</obs> <adj>111.9629999999999939</adj> <stdev>0.0000000000000000</stdev>
   <qrr>0.125</qrr> <f>29.289</f> <std-residual>0.019</std-residual>
   <err-obs>-0.000</err-obs> <err-adj>-0.000</err-adj>
   </distance>
<distance> <from>7</from> <to>8</to>
   <obs>156.7170000000000130</obs> <adj>156.7170000000000130</adj> <stdev>0.0000000000000000</stdev>
   <qrr>0.125</qrr> <f>29.289</f> <std-residual>0.022</std-residual>
   <err-obs>-0.000</err-obs> <err-adj>-0.000</err-adj>
   </distance>
<direction> <from>8</from> <to>7</to>
   <obs>0.0000000000000000</obs> <adj>0.0000000000000000</adj> <stdev>0.0000000000000000</stdev>
   <qrr>0.000</qrr> <f>0.000</f>
   </direction>
<direction> <from>8</from> <to>9</to>
   <obs>273.1487654320987417</obs> <adj>273.1487654320987417</adj> <stdev>0.0000000000000000</stdev>
   <qrr>0.000</qrr> <f>0.000</f>
   </direction>
<distance> <from>8</from> <to>7</to>
   <obs>156.7170000000000130</obs> <adj>156.7170000000000130</adj> <stdev>0.0000000000000000</stdev>
   <qrr>0.125</qrr> <f>29.289</f> <std-residual>0.051</std-residual>
   <err-obs>-0.000</err-obs> <err-adj>-0.000</err-adj>
   </distance>
<distance> <from>8</from> <to>9</to>
   <obs>116.7500000000000000</obs> <adj>116.7500000000000000</adj> <stdev>0.0000000000000000</stdev>
   <qrr>0.125</qrr> <f>29.289</f> <std-residual>0.023</std-residual>
   <err-obs>0.000</err-obs> <err-adj>0.000</err-adj>
   </distance>
<direction> <from>9</from> <to>8</to>
   <obs>0.0000000000000000</obs> <adj>0.0000000000000000</adj> <stdev>0.0000000000000000</stdev>
   <qrr>0.000</qrr> <f>0.000</f>
   </direction>
<direction> <from>9</from> <to>10</to>
   <obs>227.8762345679012356</obs> <adj>227.8762345679012356</adj> <stdev>0.0000000000000000</stdev>
   <qrr>0.000</qrr> <f>0.000</f>
   </direction>
<distance> <from>9</from> <to>8</to>
   <obs>116.7500000000000000</obs> <adj>116.7500000000000000</adj> <stdev>0.0000000000000000</stdev>
   <qrr>0.125</qrr> <f>29.289</f> <std-residual>0.032</std-residual>
   <err-obs>-0.000</err-obs> <err-adj>-0.000</err-adj>
   </distance>
<distance> <from>9</from> <to>10</to>
   <obs>85.1179999999999950</obs> <adj>85.1179999999999950</adj> <stdev>0.0000000000000000</stdev>
   <qrr>0.125</qrr> <f>29.289</f> <std-residual>0.002</std-residual>
   <err-obs>0.000</err-obs> <err-adj>0.000</err-adj>
   </distance>
<direction> <from>10</from> <to>9</to>
   <obs>0.0000000000000000</obs> <adj>0.0000000000000000</adj> <stdev>0.0000000000000000</stdev>
   <qrr>0.000</qrr> <f>0.000</f>
   </direction>
<direction> <from>10</from> <to>11</to>
   <obs>127.6700617283950407</obs> <adj>127.6700617283950407</adj> <stdev>0.0000000000000000</stdev>
   <qrr>0.000</qrr> <f>0.000</f>
   </direction>
<distance> <from>10</from> <to>9</to>
   <obs>85.1179999999999950</obs> <adj>85.1179999999999950</adj> <stdev>0.0000000000000000</stdev>
   <qrr>0.125</qrr> <f>29.289</f> <std-residual>0.056</std-residual>
   <err-obs>-0.000</err-obs> <err-adj>-0.000</err-adj>
   </distance>
<distance> <from>10</from> <to>11</to>
   <obs>124.6260000000000048</obs> <adj>124.6260000000000048</adj> <stdev>0.0000000000000000</stdev>
   <qrr>0.125</qrr> <f>29.289</f> <std-residual>0.014</std-residual>
   <err-obs>0.000</err-obs> <err-adj>0.000</err-adj>
   </distance>
<direction> <from>11</from> <to>10</to>
   <obs>0.0000000000000000</obs> <adj>0.0000000000000000</adj> <stdev>0.0000000000000000</stdev>
   <qrr>0.000</qrr> <f>0.000</f>
   </direction>
<direction> <from>11</from> <to>12</to>
   <obs>252.1518518518518590</obs> <adj>252.1518518518518590</adj> <stdev>0.0000000000000000</stdev>
   <qrr>0.000</qrr> <f>0.000</f>
   </direction>
<distance> <from>11</from> <to>10</to>
   <obs>124.6260000000000048</obs> <adj>124.6260000000000048</adj> <stdev>0.0000000000000000</stdev>
   <qrr>0.125</qrr> <f>29.289</f> <std-residual>0.023</std-residual>
   <err-obs>-0.000</err-obs> <err-adj>-0.000</err-adj>
   </distance>
<distance> <from>11</from> <to>12</to>
   <obs>123.4320000000000022</obs> <adj>123.4320000000000022</adj> <stdev>0.0000000000000000</stdev>
   <qrr>0.125</qrr> <f>29.289</f> <std-residual>0.005</std-residual>
   <err-obs>0.000</err-obs> <err-adj>0.000</err-adj>
   </distance>
<distance> <from>12</from> <to>11</to>
   <obs>123.4320000000000022</obs> <adj>123.4320000000000022</adj> <stdev>0.0000000000000000</stdev>
   <qrr>0.125</qrr> <f>29.289</f> <std-residual>0.005</std-residual>
   <err-obs>-0.000</err-obs> <err-adj>-0.000</err-adj>
   </distance>

</observations>

</gama-local-adjustment>
