<?xml version="1.0"?>
<gama-local-adjustment xmlns="http://www.gnu.org/software/gama/gama-local-adjustment">

<description>
https://geodesist.ru/threads/koordinatnaja-privjazka-xod-bez-primychnyx-uglov.84895/#post-964096
</description>

<network-general-parameters
   gama-local-version="1.15"
   gama-local-algorithm="envelope"
   gama-local-compiler="g++ 4.7.2"
   axes-xy="ne"
   angles="left-handed"
/>

<network-processing-summary>

<coordinates-summary>
   <coordinates-summary-adjusted>    <count-xyz>0</count-xyz> <count-xy>12</count-xy> <count-z>0</count-z> </coordinates-summary-adjusted>
   <coordinates-summary-constrained> <count-xyz>0</count-xyz> <count-xy>0</count-xy> <count-z>0</count-z> </coordinates-summary-constrained>
   <coordinates-summary-fixed>       <count-xyz>0</count-xyz> <count-xy>4</count-xy> <count-z>0</count-z> </coordinates-summary-fixed>
</coordinates-summary>

<observations-summary>
   <distances>28</distances>
   <directions>28</directions>
   <angles>0</angles>
   <xyz-coords>0</xyz-coords>
   <h-diffs>0</h-diffs>
   <z-angles>0</z-angles>
   <s-dists>0</s-dists>
   <vectors>0</vectors>
   <azimuths>0</azimuths>
</observations-summary>

<project-equations>
   <equations>56</equations>
   <unknowns>38</unknowns>
   <degrees-of-freedom>18</degrees-of-freedom>
   <defect>0</defect>
   <sum-of-squares>4.6039148e+03</sum-of-squares>
   <connected-network/>
</project-equations>

<standard-deviation>
   <apriori>1.0000000e+01</apriori>
   <aposteriori>1.5992906e+01</aposteriori>
   <used>aposteriori</used>

   <probability>0.950</probability>
   <ratio>1.599</ratio>
   <lower>0.676</lower>
   <upper>1.323</upper>
   <failed/>

   <confidence-scale>2.1009220e+00</confidence-scale>
</standard-deviation>

</network-processing-summary>

<coordinates>

<fixed>
   <point> <id>A</id> <x>1200.000000</x> <y>1500.000000</y> </point>
   <point> <id>B</id> <x>1250.000000</x> <y>1620.000000</y> </point>
   <point> <id>C</id> <x>1174.000000</x> <y>2639.500000</y> </point>
   <point> <id>D</id> <x>1057.600000</x> <y>2688.900000</y> </point>
</fixed>

<approximate>
   <point> <id>1</id> <x>1305.003293</x> <y>1699.520255</y> </point>
   <point> <id>2</id> <x>1380.781283</x> <y>1757.768386</y> </point>
   <point> <id>3</id> <x>1369.833943</x> <y>1865.307396</y> </point>
   <point> <id>4</id> <x>1405.082689</x> <y>1932.318674</y> </point>
   <point> <id>5</id> <x>1325.919574</x> <y>1992.264746</y> </point>
   <point> <id>6</id> <x>1225.377866</x> <y>2002.849633</y> </point>
   <point> <id>7</id> <x>1239.435082</x> <y>2113.928416</y> </point>
   <point> <id>8</id> <x>1361.055694</x> <y>2212.766513</y> </point>
   <point> <id>9</id> <x>1331.010586</x> <y>2325.586122</y> </point>
   <point> <id>10</id> <x>1276.312730</x> <y>2390.804728</y> </point>
   <point> <id>11</id> <x>1329.198171</x> <y>2503.654847</y> </point>
   <point> <id>12</id> <x>1283.344883</x> <y>2618.255687</y> </point>
</approximate>

<!-- capital X,Y,Z denote constrained coordinates -->
<adjusted>
   <point> <id>1</id> <x>1305.0032442926135445</x> <y>1699.5202694927490938</y> </point>
   <point> <id>2</id> <x>1380.7811815791114896</x> <y>1757.7684109584745329</y> </point>
   <point> <id>3</id> <x>1369.8338894653143143</x> <y>1865.3074060619153443</y> </point>
   <point> <id>4</id> <x>1405.0826982218272860</x> <y>1932.3186461335028525</y> </point>
   <point> <id>5</id> <x>1325.9196951638646169</x> <y>1992.2648705360613803</y> </point>
   <point> <id>6</id> <x>1225.3780070393786445</x> <y>2002.8499615676614667</y> </point>
   <point> <id>7</id> <x>1239.4353293301644499</x> <y>2113.9287216349712253</y> </point>
   <point> <id>8</id> <x>1361.0558959779543784</x> <y>2212.7667796194432412</y> </point>
   <point> <id>9</id> <x>1331.0108227409596111</x> <y>2325.5863844631771826</y> </point>
   <point> <id>10</id> <x>1276.3129715957159078</x> <y>2390.8049953678173551</y> </point>
   <point> <id>11</id> <x>1329.1983267247069307</x> <y>2503.6551519986628591</y> </point>
   <point> <id>12</id> <x>1283.3449219083568096</x> <y>2618.2559493498388292</y> </point>
</adjusted>

<orientation-shifts>
   <orientation> <id>B</id> <approx>274.886916</approx> <adj>274.886931</adj> </orientation>
   <orientation> <id>1</id> <approx>261.484682</approx> <adj>261.484711</adj> </orientation>
   <orientation> <id>2</id> <approx>241.713184</approx> <adj>241.713184</adj> </orientation>
   <orientation> <id>3</id> <approx>306.451347</approx> <adj>306.451302</adj> </orientation>
   <orientation> <id>4</id> <approx>269.157293</approx> <adj>269.157201</adj> </orientation>
   <orientation> <id>5</id> <approx>358.738022</approx> <adj>358.737897</adj> </orientation>
   <orientation> <id>6</id> <approx>393.340013</approx> <adj>393.339918</adj> </orientation>
   <orientation> <id>7</id> <approx>291.999005</approx> <adj>291.998974</adj> </orientation>
   <orientation> <id>8</id> <approx>243.432456</approx> <adj>243.432447</adj> </orientation>
   <orientation> <id>9</id> <approx>316.561018</approx> <adj>316.561006</adj> </orientation>
   <orientation> <id>10</id> <approx>344.429774</approx> <adj>344.429796</adj> </orientation>
   <orientation> <id>11</id> <approx>272.089406</approx> <adj>272.089458</adj> </orientation>
   <orientation> <id>12</id> <approx>324.225311</approx> <adj>324.225366</adj> </orientation>
   <orientation> <id>C</id> <approx>387.799249</approx> <adj>387.799276</adj> </orientation>
</orientation-shifts>

<!-- upper part of symmetric matrix band by rows -->
<cov-mat>
<dim>38</dim> <band>37</band>
<flt>4.3775297e+02</flt> <flt>-2.7740499e+02</flt> <flt>6.2310978e+02</flt>
<flt>-5.1595850e+02</flt> <flt>8.6188557e+02</flt> <flt>-4.8749256e+02</flt>
<flt>9.6689914e+02</flt> <flt>-5.3927574e+02</flt> <flt>1.0604068e+03</flt>
<flt>-4.1026734e+02</flt> <flt>1.0674110e+03</flt> <flt>-3.2904657e+02</flt>
<flt>9.2038117e+02</flt> <flt>-3.0653676e+02</flt> <flt>6.4014809e+02</flt>
<flt>4.0956638e+01</flt> <flt>3.7631284e+02</flt> <flt>-2.4962357e+01</flt>
<flt>2.5693188e+02</flt> <flt>-1.2010060e+02</flt> <flt>5.9880874e+01</flt>
<flt>-2.4236199e+01</flt> <flt>-7.1391026e+00</flt> <flt>-4.6558554e+01</flt>
<flt>-1.7047338e+03</flt> <flt>-2.7108273e+03</flt> <flt>-1.7140978e+03</flt>
<flt>-1.2000664e+03</flt> <flt>-1.0027006e+03</flt> <flt>-7.6726946e+02</flt>
<flt>1.6609402e+02</flt> <flt>1.3294224e+03</flt> <flt>1.6480364e+03</flt>
<flt>1.3120183e+03</flt> <flt>1.1303044e+03</flt> <flt>7.4147223e+02</flt>
<flt>4.7351380e+01</flt> <flt>-1.3449577e+02</flt> <flt>2.2142266e+02</flt>
<flt>-4.0273426e+02</flt> <flt>3.8251927e+02</flt> <flt>-5.6630561e+02</flt>
<flt>3.6282063e+02</flt> <flt>-6.4019408e+02</flt> <flt>3.9913038e+02</flt>
<flt>-7.0908241e+02</flt> <flt>3.0415832e+02</flt> <flt>-7.1476520e+02</flt>
<flt>2.3978663e+02</flt> <flt>-6.1682373e+02</flt> <flt>2.2452320e+02</flt>
<flt>-4.2270845e+02</flt> <flt>-1.6342065e+01</flt> <flt>-2.4369550e+02</flt>
<flt>2.8155180e+01</flt> <flt>-1.6437893e+02</flt> <flt>9.1053453e+01</flt>
<flt>-3.2807050e+01</flt> <flt>2.6793009e+01</flt> <flt>6.2456926e+00</flt>
<flt>3.9138040e+01</flt> <flt>1.1657483e+03</flt> <flt>1.8454873e+03</flt>
<flt>1.1648105e+03</flt> <flt>8.3104540e+02</flt> <flt>7.2198885e+02</flt>
<flt>5.7945172e+02</flt> <flt>-7.8250469e+01</flt> <flt>-9.1000056e+02</flt>
<flt>-1.1311533e+03</flt> <flt>-8.8125014e+02</flt> <flt>-7.5234690e+02</flt>
<flt>-4.7926513e+02</flt> <flt>7.8645687e+00</flt> <flt>1.1319301e+02</flt>
<flt>1.1630162e+03</flt> <flt>-1.0589250e+03</flt> <flt>1.8422664e+03</flt>
<flt>-9.8162066e+02</flt> <flt>2.1391805e+03</flt> <flt>-1.1312323e+03</flt>
<flt>2.3719545e+03</flt> <flt>-8.1259601e+02</flt> <flt>2.3893008e+03</flt>
<flt>-6.1589373e+02</flt> <flt>2.0942128e+03</flt> <flt>-5.7097020e+02</flt>
<flt>1.5078909e+03</flt> <flt>1.5528692e+02</flt> <flt>9.2494221e+02</flt>
<flt>8.6149850e+00</flt> <flt>6.4754976e+02</flt> <flt>-2.1400772e+02</flt>
<flt>1.8620616e+02</flt> <flt>8.9077137e+00</flt> <flt>-7.5331529e+00</flt>
<flt>-5.9697574e+01</flt> <flt>-2.4413009e+03</flt> <flt>-5.2697476e+03</flt>
<flt>-4.8414247e+03</flt> <flt>-3.4104925e+03</flt> <flt>-2.6622576e+03</flt>
<flt>-1.8863841e+03</flt> <flt>2.2667548e+02</flt> <flt>2.7441206e+03</flt>
<flt>3.5345236e+03</flt> <flt>2.9684941e+03</flt> <flt>2.6383370e+03</flt>
<flt>1.8381457e+03</flt> <flt>3.5801562e+02</flt> <flt>-1.7156778e+02</flt>
<flt>1.1161236e+03</flt> <flt>-1.7959092e+03</flt> <flt>1.0326871e+03</flt>
<flt>-2.1220706e+03</flt> <flt>1.1974830e+03</flt> <flt>-2.3776013e+03</flt>
<flt>8.4843322e+02</flt> <flt>-2.3978164e+03</flt> <flt>6.2340581e+02</flt>
<flt>-2.1138732e+03</flt> <flt>5.7965762e+02</flt> <flt>-1.5239714e+03</flt>
<flt>-1.5114320e+02</flt> <flt>-9.3606663e+02</flt> <flt>-3.4207937e+00</flt>
<flt>-6.5581521e+02</flt> <flt>2.2128028e+02</flt> <flt>-1.8712595e+02</flt>
<flt>-5.2827582e+00</flt> <flt>8.1685143e+00</flt> <flt>6.3663680e+01</flt>
<flt>2.1133297e+03</flt> <flt>5.1523939e+03</flt> <flt>5.2230080e+03</flt>
<flt>3.7199940e+03</flt> <flt>2.9225541e+03</flt> <flt>2.0977835e+03</flt>
<flt>-1.0518388e+02</flt> <flt>-2.7240152e+03</flt> <flt>-3.5600654e+03</flt>
<flt>-2.9954744e+03</flt> <flt>-2.6724650e+03</flt> <flt>-1.8631378e+03</flt>
<flt>-3.5059396e+02</flt> <flt>1.8303968e+02</flt> <flt>4.0002683e+03</flt>
<flt>-1.5671789e+03</flt> <flt>4.9234872e+03</flt> <flt>-2.0441130e+03</flt>
<flt>5.5181324e+03</flt> <flt>-1.2395244e+03</flt> <flt>5.5583655e+03</flt>
<flt>-7.9098770e+02</flt> <flt>5.0101169e+03</flt> <flt>-7.1061692e+02</flt>
<flt>3.8630027e+03</flt> <flt>7.0554712e+02</flt> <flt>2.5553428e+03</flt>
<flt>3.7055257e+02</flt> <flt>1.8631721e+03</flt> <flt>-1.9341697e+02</flt>
<flt>7.0272142e+02</flt> <flt>3.5943047e+02</flt> <flt>2.8148558e+01</flt>
<flt>1.0354480e+02</flt> <flt>-3.3941188e+03</flt> <flt>-8.6306315e+03</flt>
<flt>-1.1626785e+04</flt> <flt>-1.0758641e+04</flt> <flt>-7.5752619e+03</flt>
<flt>-4.6246337e+03</flt> <flt>1.5725521e+02</flt> <flt>5.2766056e+03</flt>
<flt>7.3817527e+03</flt> <flt>7.0186384e+03</flt> <flt>6.6214889e+03</flt>
<flt>5.1432248e+03</flt> <flt>2.1660338e+03</flt> <flt>3.0580253e+02</flt>
<flt>9.9687884e+02</flt> <flt>-1.8290535e+03</flt> <flt>1.1279024e+03</flt>
<flt>-2.0503237e+03</flt> <flt>8.2472301e+02</flt> <flt>-2.0687350e+03</flt>
<flt>6.2004121e+02</flt> <flt>-1.8105992e+03</flt> <flt>5.7972854e+02</flt>
<flt>-1.2739862e+03</flt> <flt>-8.5679577e+01</flt> <flt>-7.5971415e+02</flt>
<flt>4.2727324e+01</flt> <flt>-5.2315709e+02</flt> <flt>2.3125723e+02</flt>
<flt>-1.2777274e+02</flt> <flt>3.9108832e+01</flt> <flt>1.2974992e+01</flt>
<flt>8.6566426e+01</flt> <flt>1.9993671e+03</flt> <flt>4.7710108e+03</flt>
<flt>4.4977675e+03</flt> <flt>2.9568902e+03</flt> <flt>2.4337472e+03</flt>
<flt>1.8499587e+03</flt> <flt>-9.5470770e+01</flt> <flt>-2.4786656e+03</flt>
<flt>-3.1811886e+03</flt> <flt>-2.5758157e+03</flt> <flt>-2.2535147e+03</flt>
<flt>-1.5051197e+03</flt> <flt>-1.3254363e+02</flt> <flt>2.4990547e+02</flt>
<flt>6.4656695e+03</flt> <flt>-2.6156322e+03</flt> <flt>7.4032332e+03</flt>
<flt>-1.3549291e+03</flt> <flt>7.4701053e+03</flt> <flt>-6.3173171e+02</flt>
<flt>6.8874418e+03</flt> <flt>-5.4698857e+02</flt> <flt>5.4929462e+03</flt>
<flt>1.1711177e+03</flt> <flt>3.7567440e+03</flt> <flt>7.2289671e+02</flt>
<flt>2.7846503e+03</flt> <flt>-7.3655796e+01</flt> <flt>1.1369808e+03</flt>
<flt>7.0676816e+02</flt> <flt>6.7467128e+01</flt> <flt>2.9406107e+02</flt>
<flt>-3.8168194e+03</flt> <flt>-1.0108933e+04</flt> <flt>-1.4536373e+04</flt>
<flt>-1.5521572e+04</flt> <flt>-1.2313427e+04</flt> <flt>-7.3226665e+03</flt>
<flt>-6.1292943e+02</flt> <flt>6.1680482e+03</flt> <flt>9.3830300e+03</flt>
<flt>9.5880596e+03</flt> <flt>9.3559056e+03</flt> <flt>7.6125010e+03</flt>
<flt>3.8177141e+03</flt> <flt>8.6166301e+02</flt> <flt>1.4540695e+03</flt>
<flt>-3.0211510e+03</flt> <flt>9.0567652e+02</flt> <flt>-3.0543476e+03</flt>
<flt>5.4893351e+02</flt> <flt>-2.7810895e+03</flt> <flt>5.0652722e+02</flt>
<flt>-2.1133352e+03</flt> <flt>-3.1911836e+02</flt> <flt>-1.3763677e+03</flt>
<flt>-1.3205207e+02</flt> <flt>-9.9545249e+02</flt> <flt>1.7622162e+02</flt>
<flt>-3.4797061e+02</flt> <flt>-1.3384159e+02</flt> <flt>-6.4272815e+00</flt>
<flt>-6.8489865e+00</flt> <flt>2.2075700e+03</flt> <flt>5.5170303e+03</flt>
<flt>6.0045761e+03</flt> <flt>5.4598724e+03</flt> <flt>4.9509411e+03</flt>
<flt>3.3141770e+03</flt> <flt>3.4214504e+02</flt> <flt>-2.9426225e+03</flt>
<flt>-4.2296071e+03</flt> <flt>-3.9050500e+03</flt> <flt>-3.6657199e+03</flt>
<flt>-2.7728994e+03</flt> <flt>-9.6211297e+02</flt> <flt>-2.2715536e+01</flt>
<flt>8.7839955e+03</flt> <flt>-1.2174628e+03</flt> <flt>8.8876910e+03</flt>
<flt>-1.2773859e+02</flt> <flt>8.4441357e+03</flt> <flt>-6.3647237e+01</flt>
<flt>6.9984808e+03</flt> <flt>1.7120920e+03</flt> <flt>4.9585300e+03</flt>
<flt>1.1807403e+03</flt> <flt>3.7368962e+03</flt> <flt>1.7384089e+02</flt>
<flt>1.6362674e+03</flt> <flt>1.1627859e+03</flt> <flt>1.2267899e+02</flt>
<flt>5.7043492e+02</flt> <flt>-4.1990036e+03</flt> <flt>-1.1266595e+04</flt>
<flt>-1.6382203e+04</flt> <flt>-1.8228391e+04</flt> <flt>-1.6195176e+04</flt>
<flt>-1.0727772e+04</flt> <flt>-2.1724726e+03</flt> <flt>5.9247049e+03</flt>
<flt>1.0397975e+04</flt> <flt>1.1667100e+04</flt> <flt>1.1849947e+04</flt>
<flt>1.0121394e+04</flt> <flt>5.8584045e+03</flt> <flt>1.6670310e+03</flt>
<flt>1.1059931e+03</flt> <flt>-1.2020782e+03</flt> <flt>1.2324408e+03</flt>
<flt>-7.3943762e+02</flt> <flt>1.1618531e+03</flt> <flt>-1.3004008e+02</flt>
<flt>4.0082465e+02</flt> <flt>2.1150897e+02</flt> <flt>4.7943121e+02</flt>
<flt>2.6416372e+02</flt> <flt>5.1078557e+02</flt> <flt>3.1532087e+02</flt>
<flt>4.7504364e+02</flt> <flt>6.7452987e+01</flt> <flt>3.6341047e+02</flt>
<flt>1.6804186e+03</flt> <flt>3.9341257e+03</flt> <flt>3.5115030e+03</flt>
<flt>1.8456085e+03</flt> <flt>-1.9012358e+02</flt> <flt>-1.1789464e+03</flt>
<flt>-1.7310608e+03</flt> <flt>-3.3102215e+03</flt> <flt>-2.9351532e+03</flt>
<flt>-1.1811979e+03</flt> <flt>-3.8326599e+02</flt> <flt>5.4335017e+02</flt>
<flt>1.7565930e+03</flt> <flt>1.0561925e+03</flt> <flt>9.0338656e+03</flt>
<flt>-9.3781919e+00</flt> <flt>8.6525868e+03</flt> <flt>4.6216164e+01</flt>
<flt>7.2248643e+03</flt> <flt>1.7988395e+03</flt> <flt>5.1523645e+03</flt>
<flt>1.2583584e+03</flt> <flt>3.8944588e+03</flt> <flt>2.2080201e+02</flt>
<flt>1.7219088e+03</flt> <flt>1.2427015e+03</flt> <flt>1.3251671e+02</flt>
<flt>6.1961176e+02</flt> <flt>-4.2286100e+03</flt> <flt>-1.1355564e+04</flt>
<flt>-1.6509152e+04</flt> <flt>-1.8424028e+04</flt> <flt>-1.6518637e+04</flt>
<flt>-1.1259628e+04</flt> <flt>-2.6875986e+03</flt> <flt>5.6866175e+03</flt>
<flt>1.0430726e+04</flt> <flt>1.1936856e+04</flt> <flt>1.2229597e+04</flt>
<flt>1.0534385e+04</flt> <flt>6.2126559e+03</flt> <flt>1.8103423e+03</flt>
<flt>2.3980543e+03</flt> <flt>1.0888372e+03</flt> <flt>2.2409077e+03</flt>
<flt>1.9140296e+03</flt> <flt>1.2041807e+03</flt> <flt>1.9894310e+03</flt>
<flt>1.2072199e+03</flt> <flt>1.7172507e+03</flt> <flt>9.6354352e+02</flt>
<flt>1.1137855e+03</flt> <flt>1.2272035e+03</flt> <flt>1.6049050e+02</flt>
<flt>8.2911967e+02</flt> <flt>1.3399598e+03</flt> <flt>2.9350794e+03</flt>
<flt>2.1090763e+03</flt> <flt>-2.1774169e+02</flt> <flt>-3.4537369e+03</flt>
<flt>-6.4108758e+03</flt> <flt>-6.8423922e+03</flt> <flt>-5.8447151e+03</flt>
<flt>-2.8919420e+03</flt> <flt>1.1646518e+03</flt> <flt>3.0468440e+03</flt>
<flt>4.3451958e+03</flt> <flt>5.0770799e+03</flt> <flt>2.4132946e+03</flt>
<flt>9.4502182e+03</flt> <flt>9.9817755e+02</flt> <flt>8.4762494e+03</flt>
<flt>2.1861709e+03</flt> <flt>6.4026222e+03</flt> <flt>1.6461251e+03</flt>
<flt>4.9607051e+03</flt> <flt>4.5766126e+02</flt> <flt>2.2846398e+03</flt>
<flt>1.7128140e+03</flt> <flt>1.8938445e+02</flt> <flt>8.8868493e+02</flt>
<flt>-3.6471045e+03</flt> <flt>-9.9824275e+03</flt> <flt>-1.4968168e+04</flt>
<flt>-1.7517034e+04</flt> <flt>-1.7114168e+04</flt> <flt>-1.4023468e+04</flt>
<flt>-8.0755305e+03</flt> <flt>8.3812692e+02</flt> <flt>8.9621629e+03</flt>
<flt>1.2829399e+04</flt> <flt>1.4536774e+04</flt> <flt>1.3355439e+04</flt>
<flt>8.4022028e+03</flt> <flt>2.5961331e+03</flt> <flt>2.1342065e+03</flt>
<flt>1.7687333e+03</flt> <flt>1.1653418e+03</flt> <flt>1.8433773e+03</flt>
<flt>1.1679069e+03</flt> <flt>1.5924991e+03</flt> <flt>9.4147827e+02</flt>
<flt>1.0498728e+03</flt> <flt>1.1767987e+03</flt> <flt>1.5450634e+02</flt>
<flt>8.0153966e+02</flt> <flt>1.2504295e+03</flt> <flt>2.7248450e+03</flt>
<flt>1.8835018e+03</flt> <flt>-3.4297753e+02</flt> <flt>-3.3621193e+03</flt>
<flt>-6.0250546e+03</flt> <flt>-6.1380460e+03</flt> <flt>-5.2372530e+03</flt>
<flt>-2.7126598e+03</flt> <flt>1.0644967e+03</flt> <flt>2.7729421e+03</flt>
<flt>4.0132157e+03</flt> <flt>4.8358905e+03</flt> <flt>2.3326665e+03</flt>
<flt>8.2962351e+03</flt> <flt>2.0169965e+03</flt> <flt>6.6480487e+03</flt>
<flt>1.5947789e+03</flt> <flt>5.2721749e+03</flt> <flt>4.6877075e+02</flt>
<flt>2.4510115e+03</flt> <flt>1.7931915e+03</flt> <flt>1.9888535e+02</flt>
<flt>9.1141820e+02</flt> <flt>-2.5248392e+03</flt> <flt>-7.1938621e+03</flt>
<flt>-1.1643085e+04</flt> <flt>-1.4681178e+04</flt> <flt>-1.5688960e+04</flt>
<flt>-1.4456951e+04</flt> <flt>-1.0056440e+04</flt> <flt>-2.9594217e+03</flt>
<flt>5.2603881e+03</flt> <flt>1.1286566e+04</flt> <flt>1.4608105e+04</flt>
<flt>1.4196896e+04</flt> <flt>8.9019620e+03</flt> <flt>2.6650820e+03</flt>
<flt>1.3872231e+03</flt> <flt>1.5621963e+03</flt> <flt>1.2430544e+03</flt>
<flt>1.2255799e+03</flt> <flt>9.3585732e+02</flt> <flt>8.5501280e+02</flt>
<flt>1.0888195e+03</flt> <flt>1.4421378e+02</flt> <flt>7.8094108e+02</flt>
<flt>-1.4149533e+02</flt> <flt>-7.2947866e+02</flt> <flt>-2.2195425e+03</flt>
<flt>-3.8206407e+03</flt> <flt>-5.0757978e+03</flt> <flt>-5.4308160e+03</flt>
<flt>-3.6504124e+03</flt> <flt>-5.3987079e+02</flt> <flt>1.8657901e+03</flt>
<flt>3.0020513e+03</flt> <flt>2.7255074e+03</flt> <flt>3.0195779e+03</flt>
<flt>4.2660479e+03</flt> <flt>2.2692743e+03</flt> <flt>6.1379135e+03</flt>
<flt>1.4354325e+03</flt> <flt>5.1108071e+03</flt> <flt>6.0543492e+02</flt>
<flt>2.4855918e+03</flt> <flt>1.8355665e+03</flt> <flt>2.1009413e+02</flt>
<flt>9.4594521e+02</flt> <flt>-1.4752542e+03</flt> <flt>-4.4169377e+03</flt>
<flt>-7.7706802e+03</flt> <flt>-1.0505826e+04</flt> <flt>-1.2060363e+04</flt>
<flt>-1.2014538e+04</flt> <flt>-9.2094280e+03</flt> <flt>-4.3360115e+03</flt>
<flt>6.7533219e+02</flt> <flt>6.3703717e+03</flt> <flt>1.2342101e+04</flt>
<flt>1.3705005e+04</flt> <flt>9.0684007e+03</flt> <flt>2.7680452e+03</flt>
<flt>1.2095933e+03</flt> <flt>1.1905970e+03</flt> <flt>9.8011253e+02</flt>
<flt>8.7061316e+02</flt> <flt>1.1085395e+03</flt> <flt>1.4834524e+02</flt>
<flt>7.9628629e+02</flt> <flt>1.2031370e+02</flt> <flt>-3.1210534e+01</flt>
<flt>-1.2256152e+03</flt> <flt>-2.7270960e+03</flt> <flt>-4.1016766e+03</flt>
<flt>-4.7531420e+03</flt> <flt>-3.4121801e+03</flt> <flt>-9.2348746e+02</flt>
<flt>6.2750638e+02</flt> <flt>1.6962551e+03</flt> <flt>2.1321981e+03</flt>
<flt>2.9076511e+03</flt> <flt>4.3429960e+03</flt> <flt>2.3145720e+03</flt>
<flt>4.5220751e+03</flt> <flt>7.0163272e+02</flt> <flt>2.3141102e+03</flt>
<flt>1.7334710e+03</flt> <flt>2.0495668e+02</flt> <flt>9.0960769e+02</flt>
<flt>-1.0034881e+03</flt> <flt>-3.0939091e+03</flt> <flt>-5.6912570e+03</flt>
<flt>-7.9536502e+03</flt> <flt>-9.4145642e+03</flt> <flt>-9.6636598e+03</flt>
<flt>-7.6537345e+03</flt> <flt>-4.0291546e+03</flt> <flt>-5.2765258e+02</flt>
<flt>3.3115526e+03</flt> <flt>9.0866236e+03</flt> <flt>1.2063839e+04</flt>
<flt>8.5024029e+03</flt> <flt>2.6633121e+03</flt> <flt>1.0685798e+03</flt>
<flt>7.3185865e+02</flt> <flt>1.0303962e+03</flt> <flt>1.4508666e+02</flt>
<flt>7.7149262e+02</flt> <flt>4.9569487e+02</flt> <flt>1.0301486e+03</flt>
<flt>4.7115585e+02</flt> <flt>-6.1659576e+02</flt> <flt>-1.8872357e+03</flt>
<flt>-2.7671139e+03</flt> <flt>-2.1091022e+03</flt> <flt>-6.9901676e+02</flt>
<flt>-4.1419053e+02</flt> <flt>-8.7932268e+02</flt> <flt>-5.9951144e+02</flt>
<flt>1.5416161e+03</flt> <flt>3.8961501e+03</flt> <flt>2.2432454e+03</flt>
<flt>1.4920616e+03</flt> <flt>1.1251937e+03</flt> <flt>1.4887806e+02</flt>
<flt>6.0664184e+02</flt> <flt>-2.2356785e+02</flt> <flt>-8.8743224e+02</flt>
<flt>-2.1947425e+03</flt> <flt>-3.5775485e+03</flt> <flt>-4.7079389e+03</flt>
<flt>-5.1896875e+03</flt> <flt>-4.1383874e+03</flt> <flt>-2.1302284e+03</flt>
<flt>-6.2230924e+02</flt> <flt>7.2272394e+02</flt> <flt>3.1522521e+03</flt>
<flt>6.0401619e+03</flt> <flt>5.4955596e+03</flt> <flt>1.7828765e+03</flt>
<flt>1.3251138e+03</flt> <flt>1.7263715e+02</flt> <flt>9.2022434e+02</flt>
<flt>1.1579661e+02</flt> <flt>-3.6167610e+01</flt> <flt>-1.1920906e+03</flt>
<flt>-2.6709247e+03</flt> <flt>-4.0692973e+03</flt> <flt>-4.8200388e+03</flt>
<flt>-3.7254609e+03</flt> <flt>-1.5855569e+03</flt> <flt>-3.6711123e+02</flt>
<flt>3.5483713e+02</flt> <flt>2.2065129e+03</flt> <flt>4.3947373e+03</flt>
<flt>5.3440160e+03</flt> <flt>2.6754792e+03</flt> <flt>5.8791288e+01</flt>
<flt>1.3771619e+02</flt> <flt>3.1025874e+01</flt> <flt>3.6902760e+01</flt>
<flt>-1.0008928e+02</flt> <flt>-2.9022844e+02</flt> <flt>-4.7991016e+02</flt>
<flt>-5.9021401e+02</flt> <flt>-4.5709481e+02</flt> <flt>-1.9092241e+02</flt>
<flt>-6.0822605e+01</flt> <flt>-9.8782451e+00</flt> <flt>1.8210500e+02</flt>
<flt>4.0869844e+02</flt> <flt>6.6750389e+02</flt> <flt>4.1835982e+02</flt>
<flt>7.3864191e+02</flt> <flt>1.9935390e+02</flt> <flt>2.9077991e+02</flt>
<flt>-3.9363729e+02</flt> <flt>-1.3767283e+03</flt> <flt>-2.3727060e+03</flt>
<flt>-2.9555012e+03</flt> <flt>-2.2432123e+03</flt> <flt>-8.3034081e+02</flt>
<flt>-1.6331838e+02</flt> <flt>6.1967020e+01</flt> <flt>1.0255728e+03</flt>
<flt>2.1585548e+03</flt> <flt>3.4437553e+03</flt> <flt>2.1470765e+03</flt>
<flt>1.7762959e+04</flt> <flt>1.0795748e+04</flt> <flt>6.8223483e+03</flt>
<flt>4.8055408e+03</flt> <flt>4.0669342e+03</flt> <flt>3.1625639e+03</flt>
<flt>-5.9624574e+02</flt> <flt>-5.3036376e+03</flt> <flt>-6.5804543e+03</flt>
<flt>-5.2026734e+03</flt> <flt>-4.4692762e+03</flt> <flt>-2.9050925e+03</flt>
<flt>-1.1347603e+02</flt> <flt>5.7613199e+02</flt> <flt>3.5685327e+04</flt>
<flt>2.3885118e+04</flt> <flt>1.6920003e+04</flt> <flt>1.3245696e+04</flt>
<flt>9.4430265e+03</flt> <flt>-7.9031986e+02</flt> <flt>-1.2964760e+04</flt>
<flt>-1.6822738e+04</flt> <flt>-1.4147202e+04</flt> <flt>-1.2599994e+04</flt>
<flt>-8.7849757e+03</flt> <flt>-1.6905000e+03</flt> <flt>8.3580088e+02</flt>
<flt>4.8121580e+04</flt> <flt>3.3869094e+04</flt> <flt>2.3717620e+04</flt>
<flt>1.4376316e+04</flt> <flt>6.4020131e+00</flt> <flt>-1.5153433e+04</flt>
<flt>-2.1626075e+04</flt> <flt>-2.0934940e+04</flt> <flt>-1.9924657e+04</flt>
<flt>-1.5669177e+04</flt> <flt>-6.9388024e+03</flt> <flt>-1.1587711e+03</flt>
<flt>5.5338558e+04</flt> <flt>3.7094247e+04</flt> <flt>2.0999873e+04</flt>
<flt>3.9225106e+03</flt> <flt>-1.1717053e+04</flt> <flt>-2.0881675e+04</flt>
<flt>-2.4151737e+04</flt> <flt>-2.4731536e+04</flt> <flt>-2.1457743e+04</flt>
<flt>-1.3130630e+04</flt> <flt>-4.0201410e+03</flt> <flt>5.4169607e+04</flt>
<flt>3.0975807e+04</flt> <flt>1.2038164e+04</flt> <flt>-2.8144210e+03</flt>
<flt>-1.4769997e+04</flt> <flt>-2.3145519e+04</flt> <flt>-2.6152414e+04</flt>
<flt>-2.4998373e+04</flt> <flt>-1.8665680e+04</flt> <flt>-6.9174113e+03</flt>
<flt>4.5593767e+04</flt> <flt>2.4490764e+04</flt> <flt>9.4249246e+03</flt>
<flt>-5.4182139e+03</flt> <flt>-1.8418545e+04</flt> <flt>-2.4080480e+04</flt>
<flt>-2.5370571e+04</flt> <flt>-2.1410861e+04</flt> <flt>-8.6123703e+03</flt>
<flt>4.2586651e+04</flt> <flt>2.1906362e+04</flt> <flt>4.0599024e+03</flt>
<flt>-9.9874768e+03</flt> <flt>-1.7470709e+04</flt> <flt>-2.0115791e+04</flt>
<flt>-1.6775633e+04</flt> <flt>-6.5417242e+03</flt> <flt>3.7124637e+04</flt>
<flt>1.6164526e+04</flt> <flt>2.4772179e+03</flt> <flt>-6.7711878e+03</flt>
<flt>-1.0719219e+04</flt> <flt>-7.7999762e+03</flt> <flt>-2.4333058e+03</flt>
<flt>3.5871124e+04</flt> <flt>1.8898506e+04</flt> <flt>6.2200533e+03</flt>
<flt>-1.2696298e+03</flt> <flt>-2.0308560e+03</flt> <flt>-4.9128555e+02</flt>
<flt>3.9785923e+04</flt> <flt>2.2278414e+04</flt> <flt>9.3594610e+03</flt>
<flt>2.2030430e+03</flt> <flt>1.6844460e+02</flt> <flt>4.3622239e+04</flt>
<flt>2.5008410e+04</flt> <flt>1.1218759e+04</flt> <flt>2.9761601e+03</flt>
<flt>4.3612967e+04</flt> <flt>2.1903232e+04</flt> <flt>6.2778684e+03</flt>
<flt>3.4368337e+04</flt> <flt>1.0024132e+04</flt> <flt>1.7215143e+04</flt>
</cov-mat>

<!-- original indexes from the adjustment -->
<original-index>
<ind>2</ind>
<ind>3</ind>
<ind>5</ind>
<ind>6</ind>
<ind>8</ind>
<ind>9</ind>
<ind>11</ind>
<ind>12</ind>
<ind>14</ind>
<ind>15</ind>
<ind>17</ind>
<ind>18</ind>
<ind>20</ind>
<ind>21</ind>
<ind>23</ind>
<ind>24</ind>
<ind>26</ind>
<ind>27</ind>
<ind>29</ind>
<ind>30</ind>
<ind>32</ind>
<ind>33</ind>
<ind>35</ind>
<ind>36</ind>
<ind>1</ind>
<ind>4</ind>
<ind>7</ind>
<ind>10</ind>
<ind>13</ind>
<ind>16</ind>
<ind>19</ind>
<ind>22</ind>
<ind>25</ind>
<ind>28</ind>
<ind>31</ind>
<ind>34</ind>
<ind>37</ind>
<ind>38</ind>
</original-index>

</coordinates>

<observations>

<direction> <from>B</from> <to>A</to>
   <obs>0.0000000000000000</obs> <adj>399.9798852445435955</adj> <stdev>133.2777521284575641</stdev>
   <qrr>16.286</qrr> <f>9.998</f> <std-residual>3.117</std-residual>
   <err-obs>-1058.911</err-obs> <err-adj>-857.763</err-adj>
   </direction>
<direction> <from>B</from> <to>1</to>
   <obs>186.5694444444444287</obs> <adj>186.5895591999008047</adj> <stdev>133.2777521284575641</stdev>
   <qrr>16.286</qrr> <f>9.998</f> <std-residual>3.117</std-residual>
   <err-obs>1058.911</err-obs> <err-adj>857.763</err-adj>
   </direction>
<distance> <from>B</from> <to>A</to>
   <obs>130.0000000000000000</obs> <adj>130.0000000000000000</adj> <stdev>0.0000000000000000</stdev>
   <qrr>0.250</qrr> <f>100.000</f> <std-residual>0.000</std-residual>
   <err-obs>0.000</err-obs> <err-adj>0.000</err-adj>
   </distance>
<distance> <from>B</from> <to>1</to>
   <obs>96.6880000000000024</obs> <adj>96.6893486528378645</adj> <stdev>5.6444405721024520</stdev>
   <qrr>0.125</qrr> <f>29.413</f> <std-residual>0.238</std-residual>
   <err-obs>2.688</err-obs> <err-adj>1.339</err-adj>
   </distance>
<direction> <from>1</from> <to>B</to>
   <obs>0.0000000000000000</obs> <adj>399.9917797414714755</adj> <stdev>140.3472122934387869</stdev>
   <qrr>8.723</qrr> <f>5.224</f> <std-residual>1.740</std-residual>
   <err-obs>-807.939</err-obs> <err-adj>-725.736</err-adj>
   </direction>
<direction> <from>1</from> <to>2</to>
   <obs>180.2274691358024370</obs> <adj>180.2356893943309615</adj> <stdev>140.3472122934387016</stdev>
   <qrr>8.723</qrr> <f>5.224</f> <std-residual>1.740</std-residual>
   <err-obs>807.939</err-obs> <err-adj>725.736</err-adj>
   </direction>
<distance> <from>1</from> <to>B</to>
   <obs>96.6880000000000024</obs> <adj>96.6893486528378645</adj> <stdev>5.6444405721024529</stdev>
   <qrr>0.125</qrr> <f>29.413</f> <std-residual>0.238</std-residual>
   <err-obs>2.688</err-obs> <err-adj>1.339</err-adj>
   </distance>
<distance> <from>1</from> <to>2</to>
   <obs>95.5769999999999982</obs> <adj>95.5779355479388215</adj> <stdev>5.6490830516563513</stdev>
   <qrr>0.125</qrr> <f>29.355</f> <std-residual>0.165</std-residual>
   <err-obs>1.868</err-obs> <err-adj>0.932</err-adj>
   </distance>
<direction> <from>2</from> <to>1</to>
   <obs>0.0000000000000000</obs> <adj>0.0072166907447207</adj> <stdev>139.9428376036865131</stdev>
   <qrr>9.166</qrr> <f>5.497</f> <std-residual>1.490</std-residual>
   <err-obs>675.010</err-obs> <err-adj>602.843</err-adj>
   </direction>
<direction> <from>2</from> <to>3</to>
   <obs>264.7524691358024711</obs> <adj>264.7452524450577585</adj> <stdev>139.9428376036864563</stdev>
   <qrr>9.166</qrr> <f>5.497</f> <std-residual>1.490</std-residual>
   <err-obs>-675.010</err-obs> <err-adj>-602.843</err-adj>
   </direction>
<distance> <from>2</from> <to>1</to>
   <obs>95.5769999999999982</obs> <adj>95.5779355479388215</adj> <stdev>5.6490830516563530</stdev>
   <qrr>0.125</qrr> <f>29.355</f> <std-residual>0.165</std-residual>
   <err-obs>1.868</err-obs> <err-adj>0.932</err-adj>
   </distance>
<distance> <from>2</from> <to>3</to>
   <obs>108.0930000000000035</obs> <adj>108.0947670911066041</adj> <stdev>5.6385455925749941</stdev>
   <qrr>0.126</qrr> <f>29.487</f> <std-residual>0.312</std-residual>
   <err-obs>3.515</err-obs> <err-adj>1.747</err-adj>
   </distance>
<direction> <from>3</from> <to>2</to>
   <obs>0.0000000000000000</obs> <adj>0.0071337852266851</adj> <stdev>141.9889248931366410</stdev>
   <qrr>6.911</qrr> <f>4.115</f> <std-residual>1.697</std-residual>
   </direction>
<direction> <from>3</from> <to>4</to>
   <obs>162.7280864197530832</obs> <adj>162.7209526345263839</adj> <stdev>141.9889248931367263</stdev>
   <qrr>6.911</qrr> <f>4.115</f> <std-residual>1.697</std-residual>
   </direction>
<distance> <from>3</from> <to>2</to>
   <obs>108.0930000000000035</obs> <adj>108.0947670911066041</adj> <stdev>5.6385455925749941</stdev>
   <qrr>0.126</qrr> <f>29.487</f> <std-residual>0.312</std-residual>
   <err-obs>3.515</err-obs> <err-adj>1.747</err-adj>
   </distance>
<distance> <from>3</from> <to>4</to>
   <obs>75.7150000000000034</obs> <adj>75.7164765072960222</adj> <stdev>5.6427103932524760</stdev>
   <qrr>0.126</qrr> <f>29.435</f> <std-residual>0.261</std-residual>
   <err-obs>2.941</err-obs> <err-adj>1.464</err-adj>
   </distance>
<direction> <from>4</from> <to>3</to>
   <obs>0.0000000000000000</obs> <adj>0.0150535757343628</adj> <stdev>138.7415553940284951</stdev>
   <qrr>10.475</qrr> <f>6.308</f> <std-residual>2.908</std-residual>
   <err-obs>1232.090</err-obs> <err-adj>1081.554</err-adj>
   </direction>
<direction> <from>4</from> <to>5</to>
   <obs>289.5969135802469054</obs> <adj>289.5818600045125208</adj> <stdev>138.7415553940284667</stdev>
   <qrr>10.475</qrr> <f>6.308</f> <std-residual>2.908</std-residual>
   <err-obs>-1232.090</err-obs> <err-adj>-1081.554</err-adj>
   </direction>
<distance> <from>4</from> <to>3</to>
   <obs>75.7150000000000034</obs> <adj>75.7164765072960222</adj> <stdev>5.6427103932524645</stdev>
   <qrr>0.126</qrr> <f>29.435</f> <std-residual>0.261</std-residual>
   <err-obs>2.941</err-obs> <err-adj>1.464</err-adj>
   </distance>
<distance> <from>4</from> <to>5</to>
   <obs>99.2980000000000018</obs> <adj>99.2991987542762757</adj> <stdev>5.6472355580048976</stdev>
   <qrr>0.125</qrr> <f>29.378</f> <std-residual>0.212</std-residual>
   <err-obs>2.391</err-obs> <err-adj>1.193</err-adj>
   </distance>
<direction> <from>5</from> <to>4</to>
   <obs>0.0000000000000000</obs> <adj>0.0011639108408382</adj> <stdev>144.8663791683958380</stdev>
   <qrr>3.684</qrr> <f>2.172</f> <std-residual>0.379</std-residual>
   </direction>
<direction> <from>5</from> <to>6</to>
   <obs>234.5854938271604908</obs> <adj>234.5843299163196605</adj> <stdev>144.8663791683957243</stdev>
   <qrr>3.684</qrr> <f>2.172</f> <std-residual>0.379</std-residual>
   </direction>
<distance> <from>5</from> <to>4</to>
   <obs>99.2980000000000018</obs> <adj>99.2991987542762757</adj> <stdev>5.6472355580048914</stdev>
   <qrr>0.125</qrr> <f>29.378</f> <std-residual>0.212</std-residual>
   <err-obs>2.391</err-obs> <err-adj>1.193</err-adj>
   </distance>
<distance> <from>5</from> <to>6</to>
   <obs>101.0969999999999942</obs> <adj>101.0973550743374574</adj> <stdev>5.6533402460786997</stdev>
   <qrr>0.125</qrr> <f>29.302</f> <std-residual>0.063</std-residual>
   <err-obs>0.710</err-obs> <err-adj>0.355</err-adj>
   </distance>
<direction> <from>6</from> <to>5</to>
   <obs>0.0000000000000000</obs> <adj>399.9823093959968219</adj> <stdev>139.6842826870069985</stdev>
   <qrr>9.449</qrr> <f>5.671</f> <std-residual>3.599</std-residual>
   <err-obs>-1605.181</err-obs> <err-adj>-1428.275</err-adj>
   </direction>
<direction> <from>6</from> <to>7</to>
   <obs>98.6283950617283978</obs> <adj>98.6460856657315901</adj> <stdev>139.6842826870070553</stdev>
   <qrr>9.449</qrr> <f>5.671</f> <std-residual>3.599</std-residual>
   <err-obs>1605.181</err-obs> <err-adj>1428.275</err-adj>
   </direction>
<distance> <from>6</from> <to>5</to>
   <obs>101.0969999999999942</obs> <adj>101.0973550743374574</adj> <stdev>5.6533402460786899</stdev>
   <qrr>0.125</qrr> <f>29.302</f> <std-residual>0.063</std-residual>
   <err-obs>0.710</err-obs> <err-adj>0.355</err-adj>
   </distance>
<distance> <from>6</from> <to>7</to>
   <obs>111.9629999999999939</obs> <adj>111.9647232304279356</adj> <stdev>5.6390859104558668</stdev>
   <qrr>0.126</qrr> <f>29.480</f> <std-residual>0.304</std-residual>
   <err-obs>3.428</err-obs> <err-adj>1.705</err-adj>
   </distance>
<direction> <from>7</from> <to>6</to>
   <obs>0.0000000000000000</obs> <adj>399.9870298727983595</adj> <stdev>142.3863842464435265</stdev>
   <qrr>6.469</qrr> <f>3.847</f> <std-residual>3.189</std-residual>
   <err-obs>-1719.000</err-obs> <err-adj>-1589.299</err-adj>
   </direction>
<direction> <from>7</from> <to>8</to>
   <obs>151.4324074074073962</obs> <adj>151.4453775346090083</adj> <stdev>142.3863842464434697</stdev>
   <qrr>6.469</qrr> <f>3.847</f> <std-residual>3.189</std-residual>
   <err-obs>1719.000</err-obs> <err-adj>1589.299</err-adj>
   </direction>
<distance> <from>7</from> <to>6</to>
   <obs>111.9629999999999939</obs> <adj>111.9647232304279356</adj> <stdev>5.6390859104558624</stdev>
   <qrr>0.126</qrr> <f>29.480</f> <std-residual>0.304</std-residual>
   <err-obs>3.428</err-obs> <err-adj>1.705</err-adj>
   </distance>
<distance> <from>7</from> <to>8</to>
   <obs>156.7170000000000130</obs> <adj>156.7179757968798413</adj> <stdev>5.6486975193292279</stdev>
   <qrr>0.125</qrr> <f>29.360</f> <std-residual>0.172</std-residual>
   <err-obs>1.948</err-obs> <err-adj>0.972</err-adj>
   </distance>
<direction> <from>8</from> <to>7</to>
   <obs>0.0000000000000000</obs> <adj>0.0119046635689057</adj> <stdev>142.3409905656809826</stdev>
   <qrr>6.519</qrr> <f>3.877</f> <std-residual>2.915</std-residual>
   <err-obs>1565.559</err-obs> <err-adj>1446.512</err-adj>
   </direction>
<direction> <from>8</from> <to>9</to>
   <obs>273.1487654320987417</obs> <adj>273.1368607685298571</adj> <stdev>142.3409905656811816</stdev>
   <qrr>6.519</qrr> <f>3.877</f> <std-residual>2.915</std-residual>
   <err-obs>-1565.559</err-obs> <err-adj>-1446.512</err-adj>
   </direction>
<distance> <from>8</from> <to>7</to>
   <obs>156.7170000000000130</obs> <adj>156.7179757968798413</adj> <stdev>5.6486975193291924</stdev>
   <qrr>0.125</qrr> <f>29.360</f> <std-residual>0.172</std-residual>
   <err-obs>1.948</err-obs> <err-adj>0.972</err-adj>
   </distance>
<distance> <from>8</from> <to>9</to>
   <obs>116.7500000000000000</obs> <adj>116.7517437253577413</adj> <stdev>5.6390930407309794</stdev>
   <qrr>0.126</qrr> <f>29.480</f> <std-residual>0.308</std-residual>
   <err-obs>3.469</err-obs> <err-adj>1.725</err-adj>
   </distance>
<direction> <from>9</from> <to>8</to>
   <obs>0.0000000000000000</obs> <adj>0.0083009206585144</adj> <stdev>143.1666047431378672</stdev>
   <qrr>5.598</qrr> <f>3.320</f> <std-residual>2.194</std-residual>
   <err-obs>1271.363</err-obs> <err-adj>1188.354</err-adj>
   </direction>
<direction> <from>9</from> <to>10</to>
   <obs>227.8762345679012356</obs> <adj>227.8679336472427224</adj> <stdev>143.1666047431377251</stdev>
   <qrr>5.598</qrr> <f>3.320</f> <std-residual>2.194</std-residual>
   <err-obs>-1271.363</err-obs> <err-adj>-1188.354</err-adj>
   </direction>
<distance> <from>9</from> <to>8</to>
   <obs>116.7500000000000000</obs> <adj>116.7517437253577413</adj> <stdev>5.6390930407309812</stdev>
   <qrr>0.126</qrr> <f>29.480</f> <std-residual>0.308</std-residual>
   <err-obs>3.469</err-obs> <err-adj>1.725</err-adj>
   </distance>
<distance> <from>9</from> <to>10</to>
   <obs>85.1179999999999950</obs> <adj>85.1194579883944158</adj> <stdev>5.6438463113101953</stdev>
   <qrr>0.125</qrr> <f>29.421</f> <std-residual>0.257</std-residual>
   <err-obs>2.905</err-obs> <err-adj>1.447</err-adj>
   </distance>
<direction> <from>10</from> <to>9</to>
   <obs>0.0000000000000000</obs> <adj>399.9991445395276060</adj> <stdev>143.4514455238010839</stdev>
   <qrr>5.279</qrr> <f>3.127</f> <std-residual>0.233</std-residual>
   </direction>
<direction> <from>10</from> <to>11</to>
   <obs>127.6700617283950407</obs> <adj>127.6709171888674064</adj> <stdev>143.4514455238010839</stdev>
   <qrr>5.279</qrr> <f>3.127</f> <std-residual>0.233</std-residual>
   </direction>
<distance> <from>10</from> <to>9</to>
   <obs>85.1179999999999950</obs> <adj>85.1194579883944158</adj> <stdev>5.6438463113101909</stdev>
   <qrr>0.125</qrr> <f>29.421</f> <std-residual>0.257</std-residual>
   <err-obs>2.905</err-obs> <err-adj>1.447</err-adj>
   </distance>
<distance> <from>10</from> <to>11</to>
   <obs>124.6260000000000048</obs> <adj>124.6275195882396645</adj> <stdev>5.6420994977157886</stdev>
   <qrr>0.126</qrr> <f>29.442</f> <std-residual>0.268</std-residual>
   <err-obs>3.026</err-obs> <err-adj>1.506</err-adj>
   </distance>
<direction> <from>11</from> <to>10</to>
   <obs>0.0000000000000000</obs> <adj>0.0112549433195156</adj> <stdev>139.7809313414674079</stdev>
   <qrr>9.343</qrr> <f>5.606</f> <std-residual>2.302</std-residual>
   <err-obs>1032.775</err-obs> <err-adj>920.226</err-adj>
   </direction>
<direction> <from>11</from> <to>12</to>
   <obs>252.1518518518518590</obs> <adj>252.1405969085323306</adj> <stdev>139.7809313414673511</stdev>
   <qrr>9.343</qrr> <f>5.606</f> <std-residual>2.302</std-residual>
   <err-obs>-1032.775</err-obs> <err-adj>-920.226</err-adj>
   </direction>
<distance> <from>11</from> <to>10</to>
   <obs>124.6260000000000048</obs> <adj>124.6275195882396645</adj> <stdev>5.6420994977157992</stdev>
   <qrr>0.126</qrr> <f>29.442</f> <std-residual>0.268</std-residual>
   <err-obs>3.026</err-obs> <err-adj>1.506</err-adj>
   </distance>
<distance> <from>11</from> <to>12</to>
   <obs>123.4320000000000022</obs> <adj>123.4336967232284366</adj> <stdev>5.6399845344839861</stdev>
   <qrr>0.126</qrr> <f>29.469</f> <std-residual>0.299</std-residual>
   <err-obs>3.376</err-obs> <err-adj>1.680</err-adj>
   </distance>
<direction> <from>12</from> <to>11</to>
   <obs>0.0000000000000000</obs> <adj>0.0046888696173148</adj> <stdev>138.8364109214668929</stdev>
   <qrr>10.372</qrr> <f>6.244</f> <std-residual>0.910</std-residual>
   <err-obs>387.579</err-obs> <err-adj>340.690</err-adj>
   </direction>
<direction> <from>12</from> <to>C</to>
   <obs>263.5629629629629562</obs> <adj>263.5582740933456307</adj> <stdev>138.8364109214669213</stdev>
   <qrr>10.372</qrr> <f>6.244</f> <std-residual>0.910</std-residual>
   <err-obs>-387.579</err-obs> <err-adj>-340.690</err-adj>
   </direction>
<distance> <from>12</from> <to>11</to>
   <obs>123.4320000000000022</obs> <adj>123.4336967232284366</adj> <stdev>5.6399845344839825</stdev>
   <qrr>0.126</qrr> <f>29.469</f> <std-residual>0.299</std-residual>
   <err-obs>3.376</err-obs> <err-adj>1.680</err-adj>
   </distance>
<distance> <from>12</from> <to>C</to>
   <obs>111.3889999999999958</obs> <adj>111.3895041514287385</adj> <stdev>5.6527883365221303</stdev>
   <qrr>0.125</qrr> <f>29.309</f> <std-residual>0.089</std-residual>
   <err-obs>1.008</err-obs> <err-adj>0.504</err-adj>
   </distance>
<direction> <from>C</from> <to>12</to>
   <obs>0.0000000000000000</obs> <adj>399.9843637287084448</adj> <stdev>131.2064910561375370</stdev>
   <qrr>18.428</qrr> <f>11.396</f> <std-residual>2.278</std-residual>
   <err-obs>-727.475</err-obs> <err-adj>-571.112</err-adj>
   </direction>
<direction> <from>C</from> <to>D</to>
   <obs>186.6336419753086489</obs> <adj>186.6492782466002325</adj> <stdev>131.2064910561375370</stdev>
   <qrr>18.428</qrr> <f>11.396</f> <std-residual>2.278</std-residual>
   <err-obs>727.475</err-obs> <err-adj>571.112</err-adj>
   </direction>
<distance> <from>C</from> <to>12</to>
   <obs>111.3889999999999958</obs> <adj>111.3895041514287385</adj> <stdev>5.6527883365221303</stdev>
   <qrr>0.125</qrr> <f>29.309</f> <std-residual>0.089</std-residual>
   <err-obs>1.008</err-obs> <err-adj>0.504</err-adj>
   </distance>
<distance> <from>C</from> <to>D</to>
   <obs>126.4500000000000028</obs> <adj>126.4488829527569607</adj> <stdev>0.0000000000000000</stdev>
   <qrr>0.250</qrr> <f>100.000</f> <std-residual>0.140</std-residual>
   <err-obs>-1.117</err-obs> <err-adj>0.000</err-adj>
   </distance>

</observations>

</gama-local-adjustment>
