<?xml version="1.0"?>
<gama-local-adjustment xmlns="http://www.gnu.org/software/gama/gama-local-adjustment">

<description>
https://geodesist.ru/threads/koordinatnaja-privjazka-xod-bez-primychnyx-uglov.84895/#post-964096
</description>

<network-general-parameters
   gama-local-version="1.15"
   gama-local-algorithm="envelope"
   gama-local-compiler="g++ 4.7.2"
   axes-xy="ne"
   angles="left-handed"
/>

<network-processing-summary>

<coordinates-summary>
   <coordinates-summary-adjusted>    <count-xyz>0</count-xyz> <count-xy>12</count-xy> <count-z>0</count-z> </coordinates-summary-adjusted>
   <coordinates-summary-constrained> <count-xyz>0</count-xyz> <count-xy>0</count-xy> <count-z>0</count-z> </coordinates-summary-constrained>
   <coordinates-summary-fixed>       <count-xyz>0</count-xyz> <count-xy>2</count-xy> <count-z>0</count-z> </coordinates-summary-fixed>
</coordinates-summary>

<observations-summary>
   <distances>24</distances>
   <directions>24</directions>
   <angles>0</angles>
   <xyz-coords>0</xyz-coords>
   <h-diffs>0</h-diffs>
   <z-angles>0</z-angles>
   <s-dists>0</s-dists>
   <vectors>0</vectors>
   <azimuths>0</azimuths>
</observations-summary>

<project-equations>
   <equations>48</equations>
   <unknowns>36</unknowns>
   <degrees-of-freedom>12</degrees-of-freedom>
   <defect>0</defect>
   <sum-of-squares>1.2021092e+03</sum-of-squares>
   <connected-network/>
</project-equations>

<standard-deviation>
   <apriori>1.0000000e+01</apriori>
   <aposteriori>1.0008785e+01</aposteriori>
   <used>aposteriori</used>

   <probability>0.950</probability>
   <ratio>1.001</ratio>
   <lower>0.606</lower>
   <upper>1.395</upper>
   <passed/>

   <confidence-scale>2.1788128e+00</confidence-scale>
</standard-deviation>

</network-processing-summary>

<coordinates>

<fixed>
   <point> <id>B</id> <x>1250.000000</x> <y>1620.000000</y> </point>
   <point> <id>C</id> <x>1174.000000</x> <y>2639.500000</y> </point>
</fixed>

<approximate>
   <point> <id>1</id> <x>1304.931555</x> <y>1699.569210</y> </point>
   <point> <id>2</id> <x>1380.677883</x> <y>1757.857457</y> </point>
   <point> <id>3</id> <x>1369.675092</x> <y>1865.389558</y> </point>
   <point> <id>4</id> <x>1404.889730</x> <y>1932.417595</y> </point>
   <point> <id>5</id> <x>1325.687419</x> <y>1992.310452</y> </point>
   <point> <id>6</id> <x>1225.140452</x> <y>2002.842743</y> </point>
   <point> <id>7</id> <x>1239.201811</x> <y>2113.919760</y> </point>
   <point> <id>8</id> <x>1360.870322</x> <y>2212.697707</y> </point>
   <point> <id>9</id> <x>1330.868992</x> <y>2325.527673</y> </point>
   <point> <id>10</id> <x>1276.194962</x> <y>2390.764908</y> </point>
   <point> <id>11</id> <x>1329.139310</x> <y>2503.586243</y> </point>
   <point> <id>12</id> <x>1283.334914</x> <y>2618.205389</y> </point>
</approximate>

<!-- capital X,Y,Z denote constrained coordinates -->
<adjusted>
   <point> <id>1</id> <x>1304.9315031599821850</x> <y>1699.5691755770742475</y> </point>
   <point> <id>2</id> <x>1380.6777857433601184</x> <y>1757.8574029334465649</y> </point>
   <point> <id>3</id> <x>1369.6750153342129579</x> <y>1865.3894749888474962</y> </point>
   <point> <id>4</id> <x>1404.8896698927110265</x> <y>1932.4174930398517063</y> </point>
   <point> <id>5</id> <x>1325.6873934401317001</x> <y>1992.3103933651841544</y> </point>
   <point> <id>6</id> <x>1225.1404308982159819</x> <y>2002.8427327195734051</y> </point>
   <point> <id>7</id> <x>1239.2017930969561803</x> <y>2113.9197510678859544</y> </point>
   <point> <id>8</id> <x>1360.8702713776626751</x> <y>2212.6977407208419208</y> </point>
   <point> <id>9</id> <x>1330.8689164491333941</x> <y>2325.5276963987066665</y> </point>
   <point> <id>10</id> <x>1276.1948842511662860</x> <y>2390.7649175537462725</y> </point>
   <point> <id>11</id> <x>1329.1392013433514876</x> <y>2503.5862387925149051</y> </point>
   <point> <id>12</id> <x>1283.3348402414922020</x> <y>2618.2053465315352696</y> </point>
</adjusted>

<orientation-shifts>
   <orientation> <id>1</id> <approx>261.530272</approx> <adj>261.530303</adj> </orientation>
   <orientation> <id>2</id> <approx>241.746637</approx> <adj>241.746652</adj> </orientation>
   <orientation> <id>3</id> <approx>306.483757</approx> <adj>306.483753</adj> </orientation>
   <orientation> <id>4</id> <approx>269.194441</approx> <adj>269.194420</adj> </orientation>
   <orientation> <id>5</id> <approx>358.775847</approx> <adj>358.775817</adj> </orientation>
   <orientation> <id>6</id> <approx>393.355424</approx> <adj>393.355408</adj> </orientation>
   <orientation> <id>7</id> <approx>291.982156</approx> <adj>291.982167</adj> </orientation>
   <orientation> <id>8</id> <approx>243.404581</approx> <adj>243.404597</adj> </orientation>
   <orientation> <id>9</id> <approx>316.537461</approx> <adj>316.537465</adj> </orientation>
   <orientation> <id>10</id> <approx>344.401738</approx> <adj>344.401737</adj> </orientation>
   <orientation> <id>11</id> <approx>272.059213</approx> <adj>272.059200</adj> </orientation>
   <orientation> <id>12</id> <approx>324.197163</approx> <adj>324.197125</adj> </orientation>
</orientation-shifts>

<!-- upper part of symmetric matrix band by rows -->
<cov-mat>
<dim>36</dim> <band>35</band>
<flt>4.6484797e+02</flt> <flt>-2.9792995e+02</flt> <flt>6.6186150e+02</flt>
<flt>-5.5186849e+02</flt> <flt>8.9994511e+02</flt> <flt>-5.2366645e+02</flt>
<flt>9.9442681e+02</flt> <flt>-5.7025055e+02</flt> <flt>1.0691640e+03</flt>
<flt>-4.6604686e+02</flt> <flt>1.0722794e+03</flt> <flt>-4.2062105e+02</flt>
<flt>8.9393111e+02</flt> <flt>-3.9448973e+02</flt> <flt>5.9656975e+02</flt>
<flt>-2.6050482e+01</flt> <flt>3.1524312e+02</flt> <flt>-9.6808606e+01</flt>
<flt>1.9247833e+02</flt> <flt>-1.9493154e+02</flt> <flt>1.1199134e+01</flt>
<flt>-1.0673729e+02</flt> <flt>-1.8310358e+01</flt> <flt>-1.1431602e+02</flt>
<flt>-2.8869836e+03</flt> <flt>-1.7762971e+03</flt> <flt>-1.1486253e+03</flt>
<flt>-8.5364943e+02</flt> <flt>-5.5420519e+02</flt> <flt>3.6908668e+02</flt>
<flt>1.4740156e+03</flt> <flt>1.7524885e+03</flt> <flt>1.3783881e+03</flt>
<flt>1.1024036e+03</flt> <flt>5.9276278e+02</flt> <flt>-2.5273275e+02</flt>
<flt>2.2671406e+02</flt> <flt>-4.3025713e+02</flt> <flt>3.9719953e+02</flt>
<flt>-5.8990940e+02</flt> <flt>3.7817034e+02</flt> <flt>-6.5351232e+02</flt>
<flt>4.0943748e+02</flt> <flt>-7.0511431e+02</flt> <flt>3.3744553e+02</flt>
<flt>-7.0741511e+02</flt> <flt>3.0458173e+02</flt> <flt>-5.8601272e+02</flt>
<flt>2.8671875e+02</flt> <flt>-3.8263108e+02</flt> <flt>3.4671625e+01</flt>
<flt>-1.9300723e+02</flt> <flt>8.2256808e+01</flt> <flt>-1.1211389e+02</flt>
<flt>1.4671923e+02</flt> <flt>4.9873702e+00</flt> <flt>8.9569645e+01</flt>
<flt>1.4888531e+01</flt> <flt>9.0574650e+01</flt> <flt>1.9499247e+03</flt>
<flt>1.1921396e+03</flt> <flt>7.7124446e+02</flt> <flt>5.8168817e+02</flt>
<flt>3.8750901e+02</flt> <flt>-2.4512446e+02</flt> <flt>-1.0066022e+03</flt>
<flt>-1.1907826e+03</flt> <flt>-9.1966504e+02</flt> <flt>-7.1946363e+02</flt>
<flt>-3.5744061e+02</flt> <flt>2.3751714e+02</flt> <flt>1.0512345e+03</flt>
<flt>-9.1660306e+02</flt> <flt>1.5248832e+03</flt> <flt>-8.6174301e+02</flt>
<flt>1.7185342e+03</flt> <flt>-9.5843771e+02</flt> <flt>1.8657295e+03</flt>
<flt>-7.5476329e+02</flt> <flt>1.8733150e+03</flt> <flt>-6.5561309e+02</flt>
<flt>1.5865252e+03</flt> <flt>-6.1340519e+02</flt> <flt>1.0887583e+03</flt>
<flt>3.2359293e+00</flt> <flt>6.0622485e+02</flt> <flt>-1.1832090e+02</flt>
<flt>3.8887078e+02</flt> <flt>-2.9250065e+02</flt> <flt>5.8200352e+01</flt>
<flt>-1.3216008e+02</flt> <flt>-2.4059536e+01</flt> <flt>-1.5799687e+02</flt>
<flt>-4.6723340e+03</flt> <flt>-3.4784719e+03</flt> <flt>-2.3137508e+03</flt>
<flt>-1.7151315e+03</flt> <flt>-1.1183330e+03</flt> <flt>5.1098250e+02</flt>
<flt>2.4335507e+03</flt> <flt>2.9661685e+03</flt> <flt>2.3979289e+03</flt>
<flt>1.9799045e+03</flt> <flt>1.1602566e+03</flt> <flt>-2.3460232e+02</flt>
<flt>8.8052428e+02</flt> <flt>-1.3809804e+03</flt> <flt>8.2697555e+02</flt>
<flt>-1.5732108e+03</flt> <flt>9.2321483e+02</flt> <flt>-1.7194484e+03</flt>
<flt>7.2130909e+02</flt> <flt>-1.7277127e+03</flt> <flt>6.1712085e+02</flt>
<flt>-1.4670854e+03</flt> <flt>5.7856139e+02</flt> <flt>-1.0049603e+03</flt>
<flt>6.0317919e+00</flt> <flt>-5.5694232e+02</flt> <flt>1.1879238e+02</flt>
<flt>-3.5548060e+02</flt> <flt>2.8009987e+02</flt> <flt>-4.8964294e+01</flt>
<flt>1.3139156e+02</flt> <flt>2.3597705e+01</flt> <flt>1.5374952e+02</flt>
<flt>4.2544953e+03</flt> <flt>3.3929026e+03</flt> <flt>2.2800202e+03</flt>
<flt>1.7025802e+03</flt> <flt>1.1279578e+03</flt> <flt>-4.1989059e+02</flt>
<flt>-2.2432712e+03</flt> <flt>-2.7538761e+03</flt> <flt>-2.2243532e+03</flt>
<flt>-1.8349645e+03</flt> <flt>-1.0652340e+03</flt> <flt>2.4898901e+02</flt>
<flt>2.6746270e+03</flt> <flt>-1.2546166e+03</flt> <flt>3.1668078e+03</flt>
<flt>-1.5055343e+03</flt> <flt>3.5122460e+03</flt> <flt>-1.0341724e+03</flt>
<flt>3.5354753e+03</flt> <flt>-7.6717302e+02</flt> <flt>3.1229316e+03</flt>
<flt>-7.0580061e+02</flt> <flt>2.3116015e+03</flt> <flt>2.9856979e+02</flt>
<flt>1.4578101e+03</flt> <flt>8.2160350e+01</flt> <flt>1.0339613e+03</flt>
<flt>-2.6031158e+02</flt> <flt>3.3587108e+02</flt> <flt>7.5154842e+01</flt>
<flt>2.0275090e+00</flt> <flt>-4.7145145e+01</flt> <flt>-6.8986856e+03</flt>
<flt>-6.7632343e+03</flt> <flt>-5.7283577e+03</flt> <flt>-4.1954414e+03</flt>
<flt>-2.7168061e+03</flt> <flt>3.4177212e+02</flt> <flt>3.8078973e+03</flt>
<flt>5.0236531e+03</flt> <flt>4.4386873e+03</flt> <flt>4.0155560e+03</flt>
<flt>2.8945910e+03</flt> <flt>7.8535564e+02</flt> <flt>7.9361200e+02</flt>
<flt>-1.4147507e+03</flt> <flt>8.7323538e+02</flt> <flt>-1.5400924e+03</flt>
<flt>6.9950414e+02</flt> <flt>-1.5467277e+03</flt> <flt>6.1272383e+02</flt>
<flt>-1.2987424e+03</flt> <flt>5.7607503e+02</flt> <flt>-8.6869949e+02</flt>
<flt>4.3196018e+01</flt> <flt>-4.5995065e+02</flt> <flt>1.4588801e+02</flt>
<flt>-2.8099766e+02</flt> <flt>2.8879581e+02</flt> <flt>-1.5192225e+01</flt>
<flt>1.5944768e+02</flt> <flt>2.7242276e+01</flt> <flt>1.7016038e+02</flt>
<flt>3.9972451e+03</flt> <flt>3.0321301e+03</flt> <flt>1.9125618e+03</flt>
<flt>1.4382006e+03</flt> <flt>9.6047228e+02</flt> <flt>-4.3859789e+02</flt>
<flt>-2.1033374e+03</flt> <flt>-2.5397584e+03</flt> <flt>-2.0051201e+03</flt>
<flt>-1.6111166e+03</flt> <flt>-8.6680665e+02</flt> <flt>3.8030129e+02</flt>
<flt>3.9396509e+03</flt> <flt>-1.8055763e+03</flt> <flt>4.4663582e+03</flt>
<flt>-1.0918169e+03</flt> <flt>4.5069909e+03</flt> <flt>-6.4832535e+02</flt>
<flt>4.0944251e+03</flt> <flt>-5.8561305e+02</flt> <flt>3.1510748e+03</flt>
<flt>5.8167899e+02</flt> <flt>2.0978611e+03</flt> <flt>3.1394625e+02</flt>
<flt>1.5436572e+03</flt> <flt>-1.3553770e+02</flt> <flt>5.9071028e+02</flt>
<flt>3.2054471e+02</flt> <flt>3.5367187e+01</flt> <flt>1.1155593e+02</flt>
<flt>-7.8145299e+03</flt> <flt>-8.1883035e+03</flt> <flt>-7.9305999e+03</flt>
<flt>-6.4837829e+03</flt> <flt>-4.2454399e+03</flt> <flt>-2.1606774e+02</flt>
<flt>4.2343549e+03</flt> <flt>6.0109768e+03</flt> <flt>5.6307600e+03</flt>
<flt>5.3663698e+03</flt> <flt>4.2281182e+03</flt> <flt>1.8620939e+03</flt>
<flt>1.0383569e+03</flt> <flt>-2.0260268e+03</flt> <flt>7.3741897e+02</flt>
<flt>-2.0418589e+03</flt> <flt>5.5736792e+02</flt> <flt>-1.7944971e+03</flt>
<flt>5.2007482e+02</flt> <flt>-1.2958485e+03</flt> <flt>-9.7488928e+01</flt>
<flt>-7.8441418e+02</flt> <flt>3.1591022e+01</flt> <flt>-5.3879139e+02</flt>
<flt>2.2917651e+02</flt> <flt>-1.4292604e+02</flt> <flt>3.8239432e+01</flt>
<flt>1.0819508e+01</flt> <flt>9.2452907e+01</flt> <flt>4.4551946e+03</flt>
<flt>3.7621656e+03</flt> <flt>3.0571953e+03</flt> <flt>2.6352015e+03</flt>
<flt>1.7646985e+03</flt> <flt>-1.4198245e+02</flt> <flt>-2.3231740e+03</flt>
<flt>-3.0501725e+03</flt> <flt>-2.6165937e+03</flt> <flt>-2.3010896e+03</flt>
<flt>-1.5425385e+03</flt> <flt>-1.5481794e+02</flt> <flt>5.2280184e+03</flt>
<flt>-1.0165674e+03</flt> <flt>5.2928673e+03</flt> <flt>-3.3396113e+02</flt>
<flt>4.9690763e+03</flt> <flt>-2.8205294e+02</flt> <flt>3.9797831e+03</flt>
<flt>9.4140583e+02</flt> <flt>2.7857507e+03</flt> <flt>6.3696784e+02</flt>
<flt>2.1143331e+03</flt> <flt>9.0431347e+01</flt> <flt>9.0687371e+02</flt>
<flt>6.6611865e+02</flt> <flt>8.3752935e+01</flt> <flt>3.5096180e+02</flt>
<flt>-8.5104669e+03</flt> <flt>-9.1722586e+03</flt> <flt>-9.3781956e+03</flt>
<flt>-8.5547058e+03</flt> <flt>-6.2124895e+03</flt> <flt>-1.2270243e+03</flt>
<flt>4.1274942e+03</flt> <flt>6.5551131e+03</flt> <flt>6.5965909e+03</flt>
<flt>6.6537021e+03</flt> <flt>5.6892150e+03</flt> <flt>3.3028856e+03</flt>
<flt>8.4206991e+02</flt> <flt>-1.0001883e+03</flt> <flt>9.7997395e+02</flt>
<flt>-6.3353330e+02</flt> <flt>9.2812955e+02</flt> <flt>-1.9416849e+02</flt>
<flt>3.8300695e+02</flt> <flt>1.3132781e+02</flt> <flt>4.6359811e+02</flt>
<flt>2.2141296e+02</flt> <flt>5.3236806e+02</flt> <flt>2.7899152e+02</flt>
<flt>5.0038030e+02</flt> <flt>7.5551477e+01</flt> <flt>4.1294308e+02</flt>
<flt>3.4933140e+03</flt> <flt>2.4246162e+03</flt> <flt>1.1137231e+03</flt>
<flt>-1.2440273e+02</flt> <flt>-8.5027850e+02</flt> <flt>-1.4898586e+03</flt>
<flt>-2.4747076e+03</flt> <flt>-2.3361562e+03</flt> <flt>-1.3374857e+03</flt>
<flt>-5.9122695e+02</flt> <flt>4.0300908e+02</flt> <flt>1.7703987e+03</flt>
<flt>5.3760184e+03</flt> <flt>-2.6114058e+02</flt> <flt>5.0850551e+03</flt>
<flt>-2.1338958e+02</flt> <flt>4.1022835e+03</flt> <flt>1.0018907e+03</flt>
<flt>2.8955750e+03</flt> <flt>6.9413189e+02</flt> <flt>2.2082491e+03</flt>
<flt>1.3438735e+02</flt> <flt>9.6155932e+02</flt> <flt>7.2843834e+02</flt>
<flt>9.2603048e+01</flt> <flt>3.9503178e+02</flt> <flt>-8.5480295e+03</flt>
<flt>-9.2433940e+03</flt> <flt>-9.5072636e+03</flt> <flt>-8.7666380e+03</flt>
<flt>-6.5244156e+03</flt> <flt>-1.5038439e+03</flt> <flt>4.0121749e+03</flt>
<flt>6.5695940e+03</flt> <flt>6.7096391e+03</flt> <flt>6.8416572e+03</flt>
<flt>5.9270739e+03</flt> <flt>3.5585595e+03</flt> <flt>1.6811925e+03</flt>
<flt>4.3207583e+02</flt> <flt>1.5879572e+03</flt> <flt>9.4507336e+02</flt>
<flt>9.5071379e+02</flt> <flt>1.1603693e+03</flt> <flt>1.0024396e+03</flt>
<flt>1.1037510e+03</flt> <flt>9.4940819e+02</flt> <flt>7.9450961e+02</flt>
<flt>1.0890832e+03</flt> <flt>1.5924479e+02</flt> <flt>8.2968205e+02</flt>
<flt>3.0114103e+03</flt> <flt>1.6303201e+03</flt> <flt>-2.2241754e+02</flt>
<flt>-2.2389029e+03</flt> <flt>-3.9080545e+03</flt> <flt>-4.2081834e+03</flt>
<flt>-3.6500689e+03</flt> <flt>-2.2650973e+03</flt> <flt>-3.1385235e+02</flt>
<flt>1.1562355e+03</flt> <flt>2.6360712e+03</flt> <flt>4.1836911e+03</flt>
<flt>5.3513655e+03</flt> <flt>4.1077762e+02</flt> <flt>4.6242230e+03</flt>
<flt>1.3095866e+03</flt> <flt>3.4929579e+03</flt> <flt>1.0223376e+03</flt>
<flt>2.7566326e+03</flt> <flt>4.2276123e+02</flt> <flt>1.2991700e+03</flt>
<flt>1.1151646e+03</flt> <flt>1.4892825e+02</flt> <flt>6.6998277e+02</flt>
<flt>-7.2500659e+03</flt> <flt>-8.2834946e+03</flt> <flt>-9.1362192e+03</flt>
<flt>-9.2444339e+03</flt> <flt>-8.0344444e+03</flt> <flt>-4.1336411e+03</flt>
<flt>1.5894602e+03</flt> <flt>5.5301546e+03</flt> <flt>6.7326056e+03</flt>
<flt>7.6718362e+03</flt> <flt>7.3016895e+03</flt> <flt>5.1411028e+03</flt>
<flt>1.5159748e+03</flt> <flt>8.9114101e+02</flt> <flt>9.1911141e+02</flt>
<flt>1.0953117e+03</flt> <flt>9.6780010e+02</flt> <flt>1.0433577e+03</flt>
<flt>9.1849862e+02</flt> <flt>7.5742010e+02</flt> <flt>1.0472876e+03</flt>
<flt>1.5313275e+02</flt> <flt>8.0016336e+02</flt> <flt>2.8199271e+03</flt>
<flt>1.4863273e+03</flt> <flt>-2.8537851e+02</flt> <flt>-2.1870544e+03</flt>
<flt>-3.7189837e+03</flt> <flt>-3.8748681e+03</flt> <flt>-3.3422775e+03</flt>
<flt>-2.1282042e+03</flt> <flt>-3.0473912e+02</flt> <flt>1.0682132e+03</flt>
<flt>2.4844469e+03</flt> <flt>4.0116244e+03</flt> <flt>4.3304847e+03</flt>
<flt>1.2699289e+03</flt> <flt>3.4815747e+03</flt> <flt>1.0579565e+03</flt>
<flt>2.8204108e+03</flt> <flt>5.2225928e+02</flt> <flt>1.3743130e+03</flt>
<flt>1.2086430e+03</flt> <flt>1.6496541e+02</flt> <flt>7.4020099e+02</flt>
<flt>-4.9741037e+03</flt> <flt>-6.2653480e+03</flt> <flt>-7.5825521e+03</flt>
<flt>-8.3785473e+03</flt> <flt>-8.0267495e+03</flt> <flt>-5.0990015e+03</flt>
<flt>-5.1803115e+02</flt> <flt>3.3586049e+03</flt> <flt>5.5670359e+03</flt>
<flt>7.2701617e+03</flt> <flt>7.4326794e+03</flt> <flt>5.5106200e+03</flt>
<flt>9.7725807e+02</flt> <flt>1.1233224e+03</flt> <flt>9.3241045e+02</flt>
<flt>9.7648454e+02</flt> <flt>8.0247411e+02</flt> <flt>6.7190522e+02</flt>
<flt>9.4083759e+02</flt> <flt>1.3460450e+02</flt> <flt>7.2001906e+02</flt>
<flt>3.5002262e-01</flt> <flt>-1.0113846e+03</flt> <flt>-2.2050251e+03</flt>
<flt>-3.2527936e+03</flt> <flt>-3.7216499e+03</flt> <flt>-2.6767010e+03</flt>
<flt>-7.3667141e+02</flt> <flt>5.6016674e+02</flt> <flt>1.1506814e+03</flt>
<flt>1.5873457e+03</flt> <flt>2.3523532e+03</flt> <flt>3.5911179e+03</flt>
<flt>3.1879789e+03</flt> <flt>1.0546055e+03</flt> <flt>2.7097230e+03</flt>
<flt>6.7186042e+02</flt> <flt>1.4021294e+03</flt> <flt>1.2912339e+03</flt>
<flt>1.8205135e+02</flt> <flt>8.1760279e+02</flt> <flt>-2.7666096e+03</flt>
<flt>-4.0753271e+03</flt> <flt>-5.5402326e+03</flt> <flt>-6.6879014e+03</flt>
<flt>-6.9298222e+03</flt> <flt>-4.9665176e+03</flt> <flt>-1.6493871e+03</flt>
<flt>8.8046801e+02</flt> <flt>3.1118553e+03</flt> <flt>5.9855646e+03</flt>
<flt>7.0703859e+03</flt> <flt>5.7677225e+03</flt> <flt>9.3786849e+02</flt>
<flt>9.5513608e+02</flt> <flt>8.4751678e+02</flt> <flt>6.8445596e+02</flt>
<flt>9.6941532e+02</flt> <flt>1.4009229e+02</flt> <flt>7.4551183e+02</flt>
<flt>5.5624622e+02</flt> <flt>-4.5530132e+02</flt> <flt>-1.6815357e+03</flt>
<flt>-2.8152426e+03</flt> <flt>-3.4352236e+03</flt> <flt>-2.6441535e+03</flt>
<flt>-1.0394659e+03</flt> <flt>-9.6398442e+01</flt> <flt>5.0712976e+02</flt>
<flt>1.2602501e+03</flt> <flt>2.2759727e+03</flt> <flt>3.6854870e+03</flt>
<flt>2.4247040e+03</flt> <flt>7.2297460e+02</flt> <flt>1.3184827e+03</flt>
<flt>1.2460727e+03</flt> <flt>1.8021550e+02</flt> <flt>8.0396120e+02</flt>
<flt>-1.7723750e+03</flt> <flt>-2.9533186e+03</flt> <flt>-4.3130708e+03</flt>
<flt>-5.4480901e+03</flt> <flt>-5.8408971e+03</flt> <flt>-4.3620419e+03</flt>
<flt>-1.7553604e+03</flt> <flt>1.1950480e+02</flt> <flt>1.6811758e+03</flt>
<flt>4.4999368e+03</flt> <flt>6.2742402e+03</flt> <flt>5.5023815e+03</flt>
<flt>8.9513441e+02</flt> <flt>6.1878667e+02</flt> <flt>9.3739125e+02</flt>
<flt>1.3939114e+02</flt> <flt>7.3844281e+02</flt> <flt>1.3527343e+03</flt>
<flt>4.5330683e+02</flt> <flt>-6.7784164e+02</flt> <flt>-1.7930595e+03</flt>
<flt>-2.5324687e+03</flt> <flt>-2.1447333e+03</flt> <flt>-1.1347178e+03</flt>
<flt>-7.3606665e+02</flt> <flt>-6.8661593e+02</flt> <flt>2.5870264e+01</flt>
<flt>1.6251392e+03</flt> <flt>3.4858166e+03</flt> <flt>8.6395889e+02</flt>
<flt>8.3816461e+02</flt> <flt>1.3295709e+02</flt> <flt>5.5602975e+02</flt>
<flt>-2.5887366e+02</flt> <flt>-1.0614115e+03</flt> <flt>-2.0217303e+03</flt>
<flt>-2.8882543e+03</flt> <flt>-3.3223178e+03</flt> <flt>-2.5977063e+03</flt>
<flt>-1.1965064e+03</flt> <flt>-3.1312860e+02</flt> <flt>3.1540010e+02</flt>
<flt>1.6864599e+03</flt> <flt>3.3094862e+03</flt> <flt>3.6527701e+03</flt>
<flt>1.1364477e+03</flt> <flt>1.6265082e+02</flt> <flt>8.6040695e+02</flt>
<flt>6.1871762e+02</flt> <flt>-4.5371317e+02</flt> <flt>-1.7659854e+03</flt>
<flt>-3.0000374e+03</flt> <flt>-3.7137041e+03</flt> <flt>-2.9695926e+03</flt>
<flt>-1.3932005e+03</flt> <flt>-5.2516467e+02</flt> <flt>-3.1274514e+01</flt>
<flt>1.3655032e+03</flt> <flt>3.0409446e+03</flt> <flt>4.3840400e+03</flt>
<flt>5.0496146e+01</flt> <flt>1.3061716e+02</flt> <flt>1.1211680e+02</flt>
<flt>-4.2849900e+01</flt> <flt>-2.3370361e+02</flt> <flt>-4.1525266e+02</flt>
<flt>-5.2404485e+02</flt> <flt>-4.2602797e+02</flt> <flt>-2.1079303e+02</flt>
<flt>-9.8611005e+01</flt> <flt>-4.1917745e+01</flt> <flt>1.4145363e+02</flt>
<flt>3.6263064e+02</flt> <flt>6.2208095e+02</flt> <flt>6.9518615e+02</flt>
<flt>7.3457132e+02</flt> <flt>-7.4195041e+01</flt> <flt>-1.0722267e+03</flt>
<flt>-2.0249021e+03</flt> <flt>-2.6017728e+03</flt> <flt>-2.1054722e+03</flt>
<flt>-1.0023002e+03</flt> <flt>-4.3807280e+02</flt> <flt>-1.6572399e+02</flt>
<flt>7.6167700e+02</flt> <flt>1.8824374e+03</flt> <flt>3.1981432e+03</flt>
<flt>2.5471458e+04</flt> <flt>1.6307915e+04</flt> <flt>1.0903014e+04</flt>
<flt>8.1088412e+03</flt> <flt>5.3263278e+03</flt> <flt>-2.2078694e+03</flt>
<flt>-1.1089004e+04</flt> <flt>-1.3565663e+04</flt> <flt>-1.0968730e+04</flt>
<flt>-9.0587597e+03</flt> <flt>-5.2951970e+03</flt> <flt>1.1223967e+03</flt>
<flt>2.3290833e+04</flt> <flt>1.6461790e+04</flt> <flt>1.2053411e+04</flt>
<flt>7.8329783e+03</flt> <flt>-2.4816836e+02</flt> <flt>-9.2809554e+03</flt>
<flt>-1.2682163e+04</flt> <flt>-1.1558360e+04</flt> <flt>-1.0756955e+04</flt>
<flt>-8.1609006e+03</flt> <flt>-3.0338397e+03</flt> <flt>2.4841425e+04</flt>
<flt>1.8202131e+04</flt> <flt>1.1994418e+04</flt> <flt>3.1573590e+03</flt>
<flt>-6.0850203e+03</flt> <flt>-1.0763999e+04</flt> <flt>-1.1676140e+04</flt>
<flt>-1.2406831e+04</flt> <flt>-1.1424332e+04</flt> <flt>-8.0808542e+03</flt>
<flt>2.6211100e+04</flt> <flt>1.7750888e+04</flt> <flt>8.0570333e+03</flt>
<flt>-1.4229100e+03</flt> <flt>-7.5501911e+03</flt> <flt>-1.0769988e+04</flt>
<flt>-1.3237247e+04</flt> <flt>-1.4083648e+04</flt> <flt>-1.2761787e+04</flt>
<flt>2.4461086e+04</flt> <flt>1.4004005e+04</flt> <flt>4.3124420e+03</flt>
<flt>-3.1049733e+03</flt> <flt>-8.3804101e+03</flt> <flt>-1.2394587e+04</flt>
<flt>-1.4870154e+04</flt> <flt>-1.5349133e+04</flt> <flt>2.0433528e+04</flt>
<flt>1.0661469e+04</flt> <flt>2.7533185e+03</flt> <flt>-3.3040333e+03</flt>
<flt>-7.9066197e+03</flt> <flt>-1.1001883e+04</flt> <flt>-1.2165856e+04</flt>
<flt>1.8044007e+04</flt> <flt>9.9997900e+03</flt> <flt>3.7256362e+03</flt>
<flt>-1.0400988e+03</flt> <flt>-4.3071849e+03</flt> <flt>-5.6610871e+03</flt>
<flt>1.8302963e+04</flt> <flt>1.0707084e+04</flt> <flt>4.9467179e+03</flt>
<flt>6.3211730e+02</flt> <flt>-1.8796800e+03</flt> <flt>1.8182142e+04</flt>
<flt>1.0836978e+04</flt> <flt>4.8533168e+03</flt> <flt>4.9658323e+02</flt>
<flt>1.9476131e+04</flt> <flt>1.2236461e+04</flt> <flt>6.4913689e+03</flt>
<flt>2.0850917e+04</flt> <flt>1.3643648e+04</flt> <flt>2.1997041e+04</flt>
</cov-mat>

<!-- original indexes from the adjustment -->
<original-index>
<ind>2</ind>
<ind>3</ind>
<ind>4</ind>
<ind>5</ind>
<ind>7</ind>
<ind>8</ind>
<ind>10</ind>
<ind>11</ind>
<ind>13</ind>
<ind>14</ind>
<ind>16</ind>
<ind>17</ind>
<ind>19</ind>
<ind>20</ind>
<ind>22</ind>
<ind>23</ind>
<ind>25</ind>
<ind>26</ind>
<ind>28</ind>
<ind>29</ind>
<ind>31</ind>
<ind>32</ind>
<ind>34</ind>
<ind>35</ind>
<ind>1</ind>
<ind>6</ind>
<ind>9</ind>
<ind>12</ind>
<ind>15</ind>
<ind>18</ind>
<ind>21</ind>
<ind>24</ind>
<ind>27</ind>
<ind>30</ind>
<ind>33</ind>
<ind>36</ind>
</original-index>

</coordinates>

<observations>

<direction> <from>1</from> <to>B</to>
   <obs>0.0000000000000000</obs> <adj>0.0033535131367180</adj> <stdev>92.1669162922202077</stdev>
   <qrr>0.936</qrr> <f>0.547</f> <std-residual>3.464</std-residual>
   <err-obs>3073.240</err-obs> <err-adj>3039.704</err-adj>
   </direction>
<direction> <from>1</from> <to>2</to>
   <obs>180.2274691358024370</obs> <adj>180.2241156226657210</adj> <stdev>92.1669162922201934</stdev>
   <qrr>0.936</qrr> <f>0.547</f> <std-residual>3.464</std-residual>
   <err-obs>-3073.240</err-obs> <err-adj>-3039.704</err-adj>
   </direction>
<distance> <from>1</from> <to>B</to>
   <obs>96.6880000000000024</obs> <adj>96.6887984278939427</adj> <stdev>4.9990817433266646</stdev>
   <qrr>0.001</qrr> <f>0.106</f> <std-residual>3.464</std-residual>
   <err-obs>376.399</err-obs> <err-adj>375.600</err-adj>
   </distance>
<distance> <from>1</from> <to>2</to>
   <obs>95.5769999999999982</obs> <adj>95.5772816811030594</adj> <stdev>3.5377053411057857</stdev>
   <qrr>0.125</qrr> <f>29.308</f> <std-residual>0.080</std-residual>
   <err-obs>0.563</err-obs> <err-adj>0.281</err-adj>
   </distance>
<direction> <from>2</from> <to>1</to>
   <obs>0.0000000000000000</obs> <adj>0.0077664940529202</adj> <stdev>89.9210985411724835</stdev>
   <qrr>5.018</qrr> <f>2.970</f> <std-residual>3.464</std-residual>
   <err-obs>1327.001</err-obs> <err-adj>1249.337</err-adj>
   </direction>
<direction> <from>2</from> <to>3</to>
   <obs>264.7524691358024711</obs> <adj>264.7447026417495408</adj> <stdev>89.9210985411724693</stdev>
   <qrr>5.018</qrr> <f>2.970</f> <std-residual>3.464</std-residual>
   <err-obs>-1327.001</err-obs> <err-adj>-1249.337</err-adj>
   </direction>
<distance> <from>2</from> <to>1</to>
   <obs>95.5769999999999982</obs> <adj>95.5772816811030594</adj> <stdev>3.5377053411057813</stdev>
   <qrr>0.125</qrr> <f>29.308</f> <std-residual>0.080</std-residual>
   <err-obs>0.563</err-obs> <err-adj>0.281</err-adj>
   </distance>
<distance> <from>2</from> <to>3</to>
   <obs>108.0930000000000035</obs> <adj>108.0935126508711193</adj> <stdev>3.5355438324490454</stdev>
   <qrr>0.125</qrr> <f>29.351</f> <std-residual>0.145</std-residual>
   <err-obs>1.024</err-obs> <err-adj>0.511</err-adj>
   </distance>
<direction> <from>3</from> <to>2</to>
   <obs>0.0000000000000000</obs> <adj>0.0076019310373531</adj> <stdev>90.0382117917869209</stdev>
   <qrr>4.807</qrr> <f>2.844</f> <std-residual>3.464</std-residual>
   <err-obs>1355.728</err-obs> <err-adj>1279.708</err-adj>
   </direction>
<direction> <from>3</from> <to>4</to>
   <obs>162.7280864197530832</obs> <adj>162.7204844887157265</adj> <stdev>90.0382117917867646</stdev>
   <qrr>4.807</qrr> <f>2.844</f> <std-residual>3.464</std-residual>
   <err-obs>-1355.728</err-obs> <err-adj>-1279.708</err-adj>
   </direction>
<distance> <from>3</from> <to>2</to>
   <obs>108.0930000000000035</obs> <adj>108.0935126508711193</adj> <stdev>3.5355438324490436</stdev>
   <qrr>0.125</qrr> <f>29.351</f> <std-residual>0.145</std-residual>
   <err-obs>1.024</err-obs> <err-adj>0.511</err-adj>
   </distance>
<distance> <from>3</from> <to>4</to>
   <obs>75.7150000000000034</obs> <adj>75.7154350150585174</adj> <stdev>3.5364107876554831</stdev>
   <qrr>0.125</qrr> <f>29.334</f> <std-residual>0.123</std-residual>
   <err-obs>0.869</err-obs> <err-adj>0.434</err-adj>
   </distance>
<direction> <from>4</from> <to>3</to>
   <obs>0.0000000000000000</obs> <adj>0.0098175448869945</adj> <stdev>88.2340976138684994</stdev>
   <qrr>8.018</qrr> <f>4.791</f> <std-residual>3.464</std-residual>
   <err-obs>1049.768</err-obs> <err-adj>951.593</err-adj>
   </direction>
<direction> <from>4</from> <to>5</to>
   <obs>289.5969135802469054</obs> <adj>289.5870960353599344</adj> <stdev>88.2340976138683146</stdev>
   <qrr>8.018</qrr> <f>4.791</f> <std-residual>3.464</std-residual>
   <err-obs>-1049.768</err-obs> <err-adj>-951.593</err-adj>
   </direction>
<distance> <from>4</from> <to>3</to>
   <obs>75.7150000000000034</obs> <adj>75.7154350150585174</adj> <stdev>3.5364107876554907</stdev>
   <qrr>0.125</qrr> <f>29.334</f> <std-residual>0.123</std-residual>
   <err-obs>0.869</err-obs> <err-adj>0.434</err-adj>
   </distance>
<distance> <from>4</from> <to>5</to>
   <obs>99.2980000000000018</obs> <adj>99.2983388816144128</adj> <stdev>3.5372872428494153</stdev>
   <qrr>0.125</qrr> <f>29.316</f> <std-residual>0.096</std-residual>
   <err-obs>0.677</err-obs> <err-adj>0.338</err-adj>
   </distance>
<direction> <from>5</from> <to>4</to>
   <obs>0.0000000000000000</obs> <adj>0.0056995645935774</adj> <stdev>91.2016935542604870</stdev>
   <qrr>2.702</qrr> <f>1.589</f> <std-residual>3.464</std-residual>
   <err-obs>1808.234</err-obs> <err-adj>1751.239</err-adj>
   </direction>
<direction> <from>5</from> <to>6</to>
   <obs>234.5854938271604908</obs> <adj>234.5797942625669066</adj> <stdev>91.2016935542606433</stdev>
   <qrr>2.702</qrr> <f>1.589</f> <std-residual>3.464</std-residual>
   <err-obs>-1808.234</err-obs> <err-adj>-1751.239</err-adj>
   </direction>
<distance> <from>5</from> <to>4</to>
   <obs>99.2980000000000018</obs> <adj>99.2983388816144128</adj> <stdev>3.5372872428493669</stdev>
   <qrr>0.125</qrr> <f>29.316</f> <std-residual>0.096</std-residual>
   <err-obs>0.677</err-obs> <err-adj>0.338</err-adj>
   </distance>
<distance> <from>5</from> <to>6</to>
   <obs>101.0969999999999942</obs> <adj>101.0970911979124622</adj> <stdev>3.5385417918313111</stdev>
   <qrr>0.125</qrr> <f>29.291</f> <std-residual>0.026</std-residual>
   <err-obs>0.182</err-obs> <err-adj>0.091</err-adj>
   </distance>
<direction> <from>6</from> <to>5</to>
   <obs>0.0000000000000000</obs> <adj>0.0002027640728346</adj> <stdev>92.6720828219483650</stdev>
   <qrr>0.003</qrr> <f>0.002</f>
   </direction>
<direction> <from>6</from> <to>7</to>
   <obs>98.6283950617283978</obs> <adj>98.6281922976555592</adj> <stdev>92.6720828219482087</stdev>
   <qrr>0.003</qrr> <f>0.002</f>
   </direction>
<distance> <from>6</from> <to>5</to>
   <obs>101.0969999999999942</obs> <adj>101.0970911979124622</adj> <stdev>3.5385417918313715</stdev>
   <qrr>0.125</qrr> <f>29.291</f> <std-residual>0.026</std-residual>
   <err-obs>0.182</err-obs> <err-adj>0.091</err-adj>
   </distance>
<distance> <from>6</from> <to>7</to>
   <obs>111.9629999999999939</obs> <adj>111.9635025891719096</adj> <stdev>3.5356642154616464</stdev>
   <qrr>0.125</qrr> <f>29.349</f> <std-residual>0.142</std-residual>
   <err-obs>1.003</err-obs> <err-adj>0.501</err-adj>
   </distance>
<direction> <from>7</from> <to>6</to>
   <obs>0.0000000000000000</obs> <adj>0.0014337771781752</adj> <stdev>92.5814591058214091</stdev>
   <qrr>0.171</qrr> <f>0.100</f>
   </direction>
<direction> <from>7</from> <to>8</to>
   <obs>151.4324074074073962</obs> <adj>151.4309736302292322</adj> <stdev>92.5814591058214091</stdev>
   <qrr>0.171</qrr> <f>0.100</f>
   </direction>
<distance> <from>7</from> <to>6</to>
   <obs>111.9629999999999939</obs> <adj>111.9635025891719096</adj> <stdev>3.5356642154616362</stdev>
   <qrr>0.125</qrr> <f>29.349</f> <std-residual>0.142</std-residual>
   <err-obs>1.003</err-obs> <err-adj>0.501</err-adj>
   </distance>
<distance> <from>7</from> <to>8</to>
   <obs>156.7170000000000130</obs> <adj>156.7172927504151119</adj> <stdev>3.5376304499402336</stdev>
   <qrr>0.125</qrr> <f>29.309</f> <std-residual>0.083</std-residual>
   <err-obs>0.585</err-obs> <err-adj>0.292</err-adj>
   </distance>
<direction> <from>8</from> <to>7</to>
   <obs>0.0000000000000000</obs> <adj>0.0085433447004305</adj> <stdev>89.3320662260490792</stdev>
   <qrr>6.072</qrr> <f>3.606</f> <std-residual>3.464</std-residual>
   <err-obs>1206.337</err-obs> <err-adj>1120.903</err-adj>
   </direction>
<direction> <from>8</from> <to>9</to>
   <obs>273.1487654320987417</obs> <adj>273.1402220873982856</adj> <stdev>89.3320662260489513</stdev>
   <qrr>6.072</qrr> <f>3.606</f> <std-residual>3.464</std-residual>
   <err-obs>-1206.337</err-obs> <err-adj>-1120.903</err-adj>
   </direction>
<distance> <from>8</from> <to>7</to>
   <obs>156.7170000000000130</obs> <adj>156.7172927504151119</adj> <stdev>3.5376304499402904</stdev>
   <qrr>0.125</qrr> <f>29.309</f> <std-residual>0.083</std-residual>
   <err-obs>0.585</err-obs> <err-adj>0.292</err-adj>
   </distance>
<distance> <from>8</from> <to>9</to>
   <obs>116.7500000000000000</obs> <adj>116.7505040495151292</adj> <stdev>3.5356468914940602</stdev>
   <qrr>0.125</qrr> <f>29.349</f> <std-residual>0.142</std-residual>
   <err-obs>1.006</err-obs> <err-adj>0.502</err-adj>
   </distance>
<direction> <from>9</from> <to>8</to>
   <obs>0.0000000000000000</obs> <adj>0.0073537373379768</adj> <stdev>90.2098226626974196</stdev>
   <qrr>4.499</qrr> <f>2.659</f> <std-residual>3.464</std-residual>
   <err-obs>1401.485</err-obs> <err-adj>1327.947</err-adj>
   </direction>
<direction> <from>9</from> <to>10</to>
   <obs>227.8762345679012356</obs> <adj>227.8688808305632563</adj> <stdev>90.2098226626974053</stdev>
   <qrr>4.499</qrr> <f>2.659</f> <std-residual>3.464</std-residual>
   <err-obs>-1401.485</err-obs> <err-adj>-1327.947</err-adj>
   </direction>
<distance> <from>9</from> <to>8</to>
   <obs>116.7500000000000000</obs> <adj>116.7505040495151292</adj> <stdev>3.5356468914940766</stdev>
   <qrr>0.125</qrr> <f>29.349</f> <std-residual>0.142</std-residual>
   <err-obs>1.006</err-obs> <err-adj>0.502</err-adj>
   </distance>
<distance> <from>9</from> <to>10</to>
   <obs>85.1179999999999950</obs> <adj>85.1184164609266389</adj> <stdev>3.5365969224931533</stdev>
   <qrr>0.125</qrr> <f>29.330</f> <std-residual>0.118</std-residual>
   <err-obs>0.832</err-obs> <err-adj>0.416</err-adj>
   </distance>
<direction> <from>10</from> <to>9</to>
   <obs>0.0000000000000000</obs> <adj>0.0046091984193863</adj> <stdev>91.7137846485340447</stdev>
   <qrr>1.767</qrr> <f>1.036</f> <std-residual>3.464</std-residual>
   <err-obs>2235.996</err-obs> <err-adj>2189.904</err-adj>
   </direction>
<direction> <from>10</from> <to>11</to>
   <obs>127.6700617283950407</obs> <adj>127.6654525299756529</adj> <stdev>91.7137846485340305</stdev>
   <qrr>1.767</qrr> <f>1.036</f> <std-residual>3.464</std-residual>
   <err-obs>-2235.996</err-obs> <err-adj>-2189.904</err-adj>
   </direction>
<distance> <from>10</from> <to>9</to>
   <obs>85.1179999999999950</obs> <adj>85.1184164609266389</adj> <stdev>3.5365969224931471</stdev>
   <qrr>0.125</qrr> <f>29.330</f> <std-residual>0.118</std-residual>
   <err-obs>0.832</err-obs> <err-adj>0.416</err-adj>
   </distance>
<distance> <from>10</from> <to>11</to>
   <obs>124.6260000000000048</obs> <adj>124.6264467856595815</adj> <stdev>3.5362884943596140</stdev>
   <qrr>0.125</qrr> <f>29.336</f> <std-residual>0.126</std-residual>
   <err-obs>0.892</err-obs> <err-adj>0.446</err-adj>
   </distance>
<direction> <from>11</from> <to>10</to>
   <obs>0.0000000000000000</obs> <adj>0.0079897992809794</adj> <stdev>89.7579157542596704</stdev>
   <qrr>5.310</qrr> <f>3.147</f> <std-residual>3.464</std-residual>
   <err-obs>1289.913</err-obs> <err-adj>1210.015</err-adj>
   </direction>
<direction> <from>11</from> <to>12</to>
   <obs>252.1518518518518590</obs> <adj>252.1438620525708814</adj> <stdev>89.7579157542596278</stdev>
   <qrr>5.310</qrr> <f>3.147</f> <std-residual>3.464</std-residual>
   <err-obs>-1289.913</err-obs> <err-adj>-1210.015</err-adj>
   </direction>
<distance> <from>11</from> <to>10</to>
   <obs>124.6260000000000048</obs> <adj>124.6264467856595815</adj> <stdev>3.5362884943596096</stdev>
   <qrr>0.125</qrr> <f>29.336</f> <std-residual>0.126</std-residual>
   <err-obs>0.892</err-obs> <err-adj>0.446</err-adj>
   </distance>
<distance> <from>11</from> <to>12</to>
   <obs>123.4320000000000022</obs> <adj>123.4324890571293167</adj> <stdev>3.5358223505282780</stdev>
   <qrr>0.125</qrr> <f>29.346</f> <std-residual>0.138</std-residual>
   <err-obs>0.977</err-obs> <err-adj>0.488</err-adj>
   </distance>
<direction> <from>12</from> <to>11</to>
   <obs>0.0000000000000000</obs> <adj>0.0059368040045094</adj> <stdev>91.0754844267578960</stdev>
   <qrr>2.932</qrr> <f>1.725</f> <std-residual>3.464</std-residual>
   <err-obs>1735.976</err-obs> <err-adj>1676.608</err-adj>
   </direction>
<direction> <from>12</from> <to>C</to>
   <obs>263.5629629629629562</obs> <adj>263.5570261589584220</adj> <stdev>91.0754844267578960</stdev>
   <qrr>2.932</qrr> <f>1.725</f> <std-residual>3.464</std-residual>
   <err-obs>-1735.976</err-obs> <err-adj>-1676.608</err-adj>
   </direction>
<distance> <from>12</from> <to>11</to>
   <obs>123.4320000000000022</obs> <adj>123.4324890571293167</adj> <stdev>3.5358223505282798</stdev>
   <qrr>0.125</qrr> <f>29.346</f> <std-residual>0.138</std-residual>
   <err-obs>0.977</err-obs> <err-adj>0.488</err-adj>
   </distance>
<distance> <from>12</from> <to>C</to>
   <obs>111.3889999999999958</obs> <adj>111.3892703853090183</adj> <stdev>5.0037835535058619</stdev>
   <qrr>0.000</qrr> <f>0.012</f>
   </distance>

</observations>

</gama-local-adjustment>
